PassengerId,Survived,Fare,Age*Class,Family_size,Fare_by_person,Sex_female,Sex_male,Cabin_A,Cabin_B,Cabin_C,Cabin_D,Cabin_E,Cabin_F,Cabin_G,Cabin_T,Cabin_X,Embarked_C,Embarked_Q,Embarked_S
1,0,7.25,66.0,2,3.625,False,True,False,False,False,False,False,False,False,False,True,False,False,True
2,1,71.2833,38.0,2,35.64165,True,False,False,False,True,False,False,False,False,False,False,True,False,False
3,1,7.925,78.0,1,7.925,True,False,False,False,False,False,False,False,False,False,True,False,False,True
4,1,53.1,35.0,2,26.55,True,False,False,False,True,False,False,False,False,False,False,False,False,True
5,0,8.05,105.0,1,8.05,False,True,False,False,False,False,False,False,False,False,True,False,False,True
6,0,8.4583,89.09735294117647,1,8.4583,False,True,False,False,False,False,False,False,False,False,True,False,True,False
7,0,51.8625,54.0,1,51.8625,False,True,False,False,False,False,True,False,False,False,False,False,False,True
8,0,21.075,6.0,5,4.215,False,True,False,False,False,False,False,False,False,False,True,False,False,True
9,1,11.1333,81.0,3,3.7111,True,False,False,False,False,False,False,False,False,False,True,False,False,True
10,1,30.0708,28.0,2,15.0354,True,False,False,False,False,False,False,False,False,False,True,True,False,False
11,1,16.7,12.0,3,5.566666666666666,True,False,False,False,False,False,False,False,True,False,False,False,False,True
12,1,26.55,58.0,1,26.55,True,False,False,False,True,False,False,False,False,False,False,False,False,True
13,0,8.05,60.0,1,8.05,False,True,False,False,False,False,False,False,False,False,True,False,False,True
14,0,31.275,117.0,7,4.4678571428571425,False,True,False,False,False,False,False,False,False,False,True,False,False,True
15,0,7.8542,42.0,1,7.8542,True,False,False,False,False,False,False,False,False,False,True,False,False,True
16,1,16.0,110.0,1,16.0,True,False,False,False,False,False,False,False,False,False,True,False,False,True
17,0,29.125,6.0,6,4.854166666666667,False,True,False,False,False,False,False,False,False,False,True,False,True,False
18,1,13.0,59.39823529411764,1,13.0,False,True,False,False,False,False,False,False,False,False,True,False,False,True
19,0,18.0,93.0,2,9.0,True,False,False,False,False,False,False,False,False,False,True,False,False,True
20,1,7.225,89.09735294117647,1,7.225,True,False,False,False,False,False,False,False,False,False,True,True,False,False
21,0,26.0,70.0,1,26.0,False,True,False,False,False,False,False,False,False,False,True,False,False,True
22,1,13.0,68.0,1,13.0,False,True,False,False,False,True,False,False,False,False,False,False,False,True
23,1,8.0292,45.0,1,8.0292,True,False,False,False,False,False,False,False,False,False,True,False,True,False
24,1,35.5,28.0,1,35.5,False,True,True,False,False,False,False,False,False,False,False,False,False,True
25,0,21.075,24.0,5,4.215,True,False,False,False,False,False,False,False,False,False,True,False,False,True
26,1,31.3875,114.0,7,4.483928571428572,True,False,False,False,False,False,False,False,False,False,True,False,False,True
27,0,7.225,89.09735294117647,1,7.225,False,True,False,False,False,False,False,False,False,False,True,True,False,False
28,0,263.0,19.0,6,43.833333333333336,False,True,False,False,True,False,False,False,False,False,False,False,False,True
29,1,7.8792,89.09735294117647,1,7.8792,True,False,False,False,False,False,False,False,False,False,True,False,True,False
30,0,7.8958,89.09735294117647,1,7.8958,False,True,False,False,False,False,False,False,False,False,True,False,False,True
31,0,27.7208,40.0,1,27.7208,False,True,False,False,False,False,False,False,False,False,True,True,False,False
32,1,146.5208,29.69911764705882,2,73.2604,True,False,False,True,False,False,False,False,False,False,False,True,False,False
33,1,7.75,89.09735294117647,1,7.75,True,False,False,False,False,False,False,False,False,False,True,False,True,False
34,0,10.5,132.0,1,10.5,False,True,False,False,False,False,False,False,False,False,True,False,False,True
35,0,82.1708,28.0,2,41.0854,False,True,False,False,False,False,False,False,False,False,True,True,False,False
36,0,52.0,42.0,2,26.0,False,True,False,False,False,False,False,False,False,False,True,False,False,True
37,1,7.2292,89.09735294117647,1,7.2292,False,True,False,False,False,False,False,False,False,False,True,True,False,False
38,0,8.05,63.0,1,8.05,False,True,False,False,False,False,False,False,False,False,True,False,False,True
39,0,18.0,54.0,3,6.0,True,False,False,False,False,False,False,False,False,False,True,False,False,True
40,1,11.2417,42.0,2,5.62085,True,False,False,False,False,False,False,False,False,False,True,True,False,False
41,0,9.475,120.0,2,4.7375,True,False,False,False,False,False,False,False,False,False,True,False,False,True
42,0,21.0,54.0,2,10.5,True,False,False,False,False,False,False,False,False,False,True,False,False,True
43,0,7.8958,89.09735294117647,1,7.8958,False,True,False,False,False,False,False,False,False,False,True,True,False,False
44,1,41.5792,6.0,4,10.3948,True,False,False,False,False,False,False,False,False,False,True,True,False,False
45,1,7.8792,57.0,1,7.8792,True,False,False,False,False,False,False,False,False,False,True,False,True,False
46,0,8.05,89.09735294117647,1,8.05,False,True,False,False,False,False,False,False,False,False,True,False,False,True
47,0,15.5,89.09735294117647,2,7.75,False,True,False,False,False,False,False,False,False,False,True,False,True,False
48,1,7.75,89.09735294117647,1,7.75,True,False,False,False,False,False,False,False,False,False,True,False,True,False
49,0,21.6792,89.09735294117647,3,7.226400000000001,False,True,False,False,False,False,False,False,False,False,True,True,False,False
50,0,17.8,54.0,2,8.9,True,False,False,False,False,False,False,False,False,False,True,False,False,True
51,0,39.6875,21.0,6,6.614583333333333,False,True,False,False,False,False,False,False,False,False,True,False,False,True
52,0,7.8,63.0,1,7.8,False,True,False,False,False,False,False,False,False,False,True,False,False,True
53,1,76.7292,49.0,2,38.3646,True,False,False,False,False,True,False,False,False,False,False,True,False,False
54,1,26.0,58.0,2,13.0,True,False,False,False,False,False,False,False,False,False,True,False,False,True
55,0,61.9792,65.0,2,30.9896,False,True,False,True,False,False,False,False,False,False,False,True,False,False
56,1,35.5,29.69911764705882,1,35.5,False,True,False,False,True,False,False,False,False,False,False,False,False,True
57,1,10.5,42.0,1,10.5,True,False,False,False,False,False,False,False,False,False,True,False,False,True
58,0,7.2292,85.5,1,7.2292,False,True,False,False,False,False,False,False,False,False,True,True,False,False
59,1,27.75,10.0,4,6.9375,True,False,False,False,False,False,False,False,False,False,True,False,False,True
60,0,46.9,33.0,8,5.8625,False,True,False,False,False,False,False,False,False,False,True,False,False,True
61,0,7.2292,66.0,1,7.2292,False,True,False,False,False,False,False,False,False,False,True,True,False,False
62,1,80.0,38.0,1,80.0,True,False,False,True,False,False,False,False,False,False,False,False,False,True
63,0,83.475,45.0,2,41.7375,False,True,False,False,True,False,False,False,False,False,False,False,False,True
64,0,27.9,12.0,6,4.6499999999999995,False,True,False,False,False,False,False,False,False,False,True,False,False,True
65,0,27.7208,29.69911764705882,1,27.7208,False,True,False,False,False,False,False,False,False,False,True,True,False,False
66,1,15.2458,89.09735294117647,3,5.081933333333333,False,True,False,False,False,False,False,False,False,False,True,True,False,False
67,1,10.5,58.0,1,10.5,True,False,False,False,False,False,False,True,False,False,False,False,False,True
68,0,8.1583,57.0,1,8.1583,False,True,False,False,False,False,False,False,False,False,True,False,False,True
69,1,7.925,51.0,7,1.1321428571428571,True,False,False,False,False,False,False,False,False,False,True,False,False,True
70,0,8.6625,78.0,3,2.8874999999999997,False,True,False,False,False,False,False,False,False,False,True,False,False,True
71,0,10.5,64.0,1,10.5,False,True,False,False,False,False,False,False,False,False,True,False,False,True
72,0,46.9,48.0,8,5.8625,True,False,False,False,False,False,False,False,False,False,True,False,False,True
73,0,73.5,42.0,1,73.5,False,True,False,False,False,False,False,False,False,False,True,False,False,True
74,0,14.4542,78.0,2,7.2271,False,True,False,False,False,False,False,False,False,False,True,True,False,False
75,1,56.4958,96.0,1,56.4958,False,True,False,False,False,False,False,False,False,False,True,False,False,True
76,0,7.65,75.0,1,7.65,False,True,False,False,False,False,False,False,True,False,False,False,False,True
77,0,7.8958,89.09735294117647,1,7.8958,False,True,False,False,False,False,False,False,False,False,True,False,False,True
78,0,8.05,89.09735294117647,1,8.05,False,True,False,False,False,False,False,False,False,False,True,False,False,True
79,1,29.0,1.66,3,9.666666666666666,False,True,False,False,False,False,False,False,False,False,True,False,False,True
80,1,12.475,90.0,1,12.475,True,False,False,False,False,False,False,False,False,False,True,False,False,True
81,0,9.0,66.0,1,9.0,False,True,False,False,False,False,False,False,False,False,True,False,False,True
82,1,9.5,87.0,1,9.5,False,True,False,False,False,False,False,False,False,False,True,False,False,True
83,1,7.7875,89.09735294117647,1,7.7875,True,False,False,False,False,False,False,False,False,False,True,False,True,False
84,0,47.1,28.0,1,47.1,False,True,False,False,False,False,False,False,False,False,True,False,False,True
85,1,10.5,34.0,1,10.5,True,False,False,False,False,False,False,False,False,False,True,False,False,True
86,1,15.85,99.0,4,3.9625,True,False,False,False,False,False,False,False,False,False,True,False,False,True
87,0,34.375,48.0,5,6.875,False,True,False,False,False,False,False,False,False,False,True,False,False,True
88,0,8.05,89.09735294117647,1,8.05,False,True,False,False,False,False,False,False,False,False,True,False,False,True
89,1,263.0,23.0,6,43.833333333333336,True,False,False,False,True,False,False,False,False,False,False,False,False,True
90,0,8.05,72.0,1,8.05,False,True,False,False,False,False,False,False,False,False,True,False,False,True
91,0,8.05,87.0,1,8.05,False,True,False,False,False,False,False,False,False,False,True,False,False,True
92,0,7.8542,60.0,1,7.8542,False,True,False,False,False,False,False,False,False,False,True,False,False,True
93,0,61.175,46.0,2,30.5875,False,True,False,False,False,False,True,False,False,False,False,False,False,True
94,0,20.575,78.0,4,5.14375,False,True,False,False,False,False,False,False,False,False,True,False,False,True
95,0,7.25,177.0,1,7.25,False,True,False,False,False,False,False,False,False,False,True,False,False,True
96,0,8.05,89.09735294117647,1,8.05,False,True,False,False,False,False,False,False,False,False,True,False,False,True
97,0,34.6542,71.0,1,34.6542,False,True,True,False,False,False,False,False,False,False,False,True,False,False
98,1,63.3583,23.0,2,31.67915,False,True,False,False,False,True,False,False,False,False,False,True,False,False
99,1,23.0,68.0,2,11.5,True,False,False,False,False,False,False,False,False,False,True,False,False,True
100,0,26.0,68.0,2,13.0,False,True,False,False,False,False,False,False,False,False,True,False,False,True
101,0,7.8958,84.0,1,7.8958,True,False,False,False,False,False,False,False,False,False,True,False,False,True
102,0,7.8958,89.09735294117647,1,7.8958,False,True,False,False,False,False,False,False,False,False,True,False,False,True
103,0,77.2875,21.0,2,38.64375,False,True,False,False,False,True,False,False,False,False,False,False,False,True
104,0,8.6542,99.0,1,8.6542,False,True,False,False,False,False,False,False,False,False,True,False,False,True
105,0,7.925,111.0,3,2.6416666666666666,False,True,False,False,False,False,False,False,False,False,True,False,False,True
106,0,7.8958,84.0,1,7.8958,False,True,False,False,False,False,False,False,False,False,True,False,False,True
107,1,7.65,63.0,1,7.65,True,False,False,False,False,False,False,False,False,False,True,False,False,True
108,1,7.775,89.09735294117647,1,7.775,False,True,False,False,False,False,False,False,False,False,True,False,False,True
109,0,7.8958,114.0,1,7.8958,False,True,False,False,False,False,False,False,False,False,True,False,False,True
110,1,24.15,89.09735294117647,2,12.075,True,False,False,False,False,False,False,False,False,False,True,False,True,False
111,0,52.0,47.0,1,52.0,False,True,False,False,True,False,False,False,False,False,False,False,False,True
112,0,14.4542,43.5,2,7.2271,True,False,False,False,False,False,False,False,False,False,True,True,False,False
113,0,8.05,66.0,1,8.05,False,True,False,False,False,False,False,False,False,False,True,False,False,True
114,0,9.825,60.0,2,4.9125,True,False,False,False,False,False,False,False,False,False,True,False,False,True
115,0,14.4583,51.0,1,14.4583,True,False,False,False,False,False,False,False,False,False,True,True,False,False
116,0,7.925,63.0,1,7.925,False,True,False,False,False,False,False,False,False,False,True,False,False,True
117,0,7.75,211.5,1,7.75,False,True,False,False,False,False,False,False,False,False,True,False,True,False
118,0,21.0,58.0,2,10.5,False,True,False,False,False,False,False,False,False,False,True,False,False,True
119,0,247.5208,24.0,2,123.7604,False,True,False,True,False,False,False,False,False,False,False,True,False,False
120,0,31.275,6.0,7,4.4678571428571425,True,False,False,False,False,False,False,False,False,False,True,False,False,True
121,0,73.5,42.0,3,24.5,False,True,False,False,False,False,False,False,False,False,True,False,False,True
122,0,8.05,89.09735294117647,1,8.05,False,True,False,False,False,False,False,False,False,False,True,False,False,True
123,0,30.0708,65.0,2,15.0354,False,True,False,False,False,False,False,False,False,False,True,True,False,False
124,1,13.0,65.0,1,13.0,True,False,False,False,False,False,True,False,False,False,False,False,False,True
125,0,77.2875,54.0,2,38.64375,False,True,False,False,False,True,False,False,False,False,False,False,False,True
126,1,11.2417,36.0,2,5.62085,False,True,False,False,False,False,False,False,False,False,True,True,False,False
127,0,7.75,89.09735294117647,1,7.75,False,True,False,False,False,False,False,False,False,False,True,False,True,False
128,1,7.1417,72.0,1,7.1417,False,True,False,False,False,False,False,False,False,False,True,False,False,True
129,1,22.3583,89.09735294117647,3,7.452766666666666,True,False,False,False,False,False,True,False,False,False,False,True,False,False
130,0,6.975,135.0,1,6.975,False,True,False,False,False,False,False,False,False,False,True,False,False,True
131,0,7.8958,99.0,1,7.8958,False,True,False,False,False,False,False,False,False,False,True,True,False,False
132,0,7.05,60.0,1,7.05,False,True,False,False,False,False,False,False,False,False,True,False,False,True
133,0,14.5,141.0,2,7.25,True,False,False,False,False,False,False,False,False,False,True,False,False,True
134,1,26.0,58.0,2,13.0,True,False,False,False,False,False,False,False,False,False,True,False,False,True
135,0,13.0,50.0,1,13.0,False,True,False,False,False,False,False,False,False,False,True,False,False,True
136,0,15.0458,46.0,1,15.0458,False,True,False,False,False,False,False,False,False,False,True,True,False,False
137,1,26.2833,19.0,3,8.7611,True,False,False,False,False,True,False,False,False,False,False,False,False,True
138,0,53.1,37.0,2,26.55,False,True,False,False,True,False,False,False,False,False,False,False,False,True
139,0,9.2167,48.0,1,9.2167,False,True,False,False,False,False,False,False,False,False,True,False,False,True
140,0,79.2,24.0,1,79.2,False,True,False,True,False,False,False,False,False,False,False,True,False,False
141,0,15.2458,89.09735294117647,3,5.081933333333333,True,False,False,False,False,False,False,False,False,False,True,True,False,False
142,1,7.75,66.0,1,7.75,True,False,False,False,False,False,False,False,False,False,True,False,False,True
143,1,15.85,72.0,2,7.925,True,False,False,False,False,False,False,False,False,False,True,False,False,True
144,0,6.75,57.0,1,6.75,False,True,False,False,False,False,False,False,False,False,True,False,True,False
145,0,11.5,36.0,1,11.5,False,True,False,False,False,False,False,False,False,False,True,False,False,True
146,0,36.75,38.0,3,12.25,False,True,False,False,False,False,False,False,False,False,True,False,False,True
147,1,7.7958,81.0,1,7.7958,False,True,False,False,False,False,False,False,False,False,True,False,False,True
148,0,34.375,27.0,5,6.875,True,False,False,False,False,False,False,False,False,False,True,False,False,True
149,0,26.0,73.0,3,8.666666666666666,False,True,False,False,False,False,False,True,False,False,False,False,False,True
150,0,13.0,84.0,1,13.0,False,True,False,False,False,False,False,False,False,False,True,False,False,True
151,0,12.525,102.0,1,12.525,False,True,False,False,False,False,False,False,False,False,True,False,False,True
152,1,66.6,22.0,2,33.3,True,False,False,False,True,False,False,False,False,False,False,False,False,True
153,0,8.05,166.5,1,8.05,False,True,False,False,False,False,False,False,False,False,True,False,False,True
154,0,14.5,121.5,3,4.833333333333333,False,True,False,False,False,False,False,False,False,False,True,False,False,True
155,0,7.3125,89.09735294117647,1,7.3125,False,True,False,False,False,False,False,False,False,False,True,False,False,True
156,0,61.3792,51.0,2,30.6896,False,True,False,False,False,False,False,False,False,False,True,True,False,False
157,1,7.7333,48.0,1,7.7333,True,False,False,False,False,False,False,False,False,False,True,False,True,False
158,0,8.05,90.0,1,8.05,False,True,False,False,False,False,False,False,False,False,True,False,False,True
159,0,8.6625,89.09735294117647,1,8.6625,False,True,False,False,False,False,False,False,False,False,True,False,False,True
160,0,69.55,89.09735294117647,11,6.322727272727272,False,True,False,False,False,False,False,False,False,False,True,False,False,True
161,0,16.1,132.0,2,8.05,False,True,False,False,False,False,False,False,False,False,True,False,False,True
162,1,15.75,80.0,1,15.75,True,False,False,False,False,False,False,False,False,False,True,False,False,True
163,0,7.775,78.0,1,7.775,False,True,False,False,False,False,False,False,False,False,True,False,False,True
164,0,8.6625,51.0,1,8.6625,False,True,False,False,False,False,False,False,False,False,True,False,False,True
165,0,39.6875,3.0,6,6.614583333333333,False,True,False,False,False,False,False,False,False,False,True,False,False,True
166,1,20.525,27.0,3,6.841666666666666,False,True,False,False,False,False,False,False,False,False,True,False,False,True
167,1,55.0,29.69911764705882,2,27.5,True,False,False,False,False,False,True,False,False,False,False,False,False,True
168,0,27.9,135.0,6,4.6499999999999995,True,False,False,False,False,False,False,False,False,False,True,False,False,True
169,0,25.925,29.69911764705882,1,25.925,False,True,False,False,False,False,False,False,False,False,True,False,False,True
170,0,56.4958,84.0,1,56.4958,False,True,False,False,False,False,False,False,False,False,True,False,False,True
171,0,33.5,61.0,1,33.5,False,True,False,True,False,False,False,False,False,False,False,False,False,True
172,0,29.125,12.0,6,4.854166666666667,False,True,False,False,False,False,False,False,False,False,True,False,True,False
173,1,11.1333,3.0,3,3.7111,True,False,False,False,False,False,False,False,False,False,True,False,False,True
174,0,7.925,63.0,1,7.925,False,True,False,False,False,False,False,False,False,False,True,False,False,True
175,0,30.6958,56.0,1,30.6958,False,True,True,False,False,False,False,False,False,False,False,True,False,False
176,0,7.8542,54.0,3,2.6180666666666665,False,True,False,False,False,False,False,False,False,False,True,False,False,True
177,0,25.4667,89.09735294117647,5,5.0933399999999995,False,True,False,False,False,False,False,False,False,False,True,False,False,True
178,0,28.7125,50.0,1,28.7125,True,False,False,False,True,False,False,False,False,False,False,True,False,False
179,0,13.0,60.0,1,13.0,False,True,False,False,False,False,False,False,False,False,True,False,False,True
180,0,0.0,108.0,1,0.0,False,True,False,False,False,False,False,False,False,False,True,False,False,True
181,0,69.55,89.09735294117647,11,6.322727272727272,True,False,False,False,False,False,False,False,False,False,True,False,False,True
182,0,15.05,59.39823529411764,1,15.05,False,True,False,False,False,False,False,False,False,False,True,True,False,False
183,0,31.3875,27.0,7,4.483928571428572,False,True,False,False,False,False,False,False,False,False,True,False,False,True
184,1,39.0,2.0,4,9.75,False,True,False,False,False,False,False,True,False,False,False,False,False,True
185,1,22.025,12.0,3,7.341666666666666,True,False,False,False,False,False,False,False,False,False,True,False,False,True
186,0,50.0,29.69911764705882,1,50.0,False,True,True,False,False,False,False,False,False,False,False,False,False,True
187,1,15.5,89.09735294117647,2,7.75,True,False,False,False,False,False,False,False,False,False,True,False,True,False
188,1,26.55,45.0,1,26.55,False,True,False,False,False,False,False,False,False,False,True,False,False,True
189,0,15.5,120.0,3,5.166666666666667,False,True,False,False,False,False,False,False,False,False,True,False,True,False
190,0,7.8958,108.0,1,7.8958,False,True,False,False,False,False,False,False,False,False,True,False,False,True
191,1,13.0,64.0,1,13.0,True,False,False,False,False,False,False,False,False,False,True,False,False,True
192,0,13.0,38.0,1,13.0,False,True,False,False,False,False,False,False,False,False,True,False,False,True
193,1,7.8542,57.0,2,3.9271,True,False,False,False,False,False,False,False,False,False,True,False,False,True
194,1,26.0,6.0,3,8.666666666666666,False,True,False,False,False,False,False,True,False,False,False,False,False,True
195,1,27.7208,44.0,1,27.7208,True,False,False,True,False,False,False,False,False,False,False,True,False,False
196,1,146.5208,58.0,1,146.5208,True,False,False,True,False,False,False,False,False,False,False,True,False,False
197,0,7.75,89.09735294117647,1,7.75,False,True,False,False,False,False,False,False,False,False,True,False,True,False
198,0,8.4042,126.0,2,4.2021,False,True,False,False,False,False,False,False,False,False,True,False,False,True
199,1,7.75,89.09735294117647,1,7.75,True,False,False,False,False,False,False,False,False,False,True,False,True,False
200,0,13.0,48.0,1,13.0,True,False,False,False,False,False,False,False,False,False,True,False,False,True
201,0,9.5,84.0,1,9.5,False,True,False,False,False,False,False,False,False,False,True,False,False,True
202,0,69.55,89.09735294117647,11,6.322727272727272,False,True,False,False,False,False,False,False,False,False,True,False,False,True
203,0,6.4958,102.0,1,6.4958,False,True,False,False,False,False,False,False,False,False,True,False,False,True
204,0,7.225,136.5,1,7.225,False,True,False,False,False,False,False,False,False,False,True,True,False,False
205,1,8.05,54.0,1,8.05,False,True,False,False,False,False,False,False,False,False,True,False,False,True
206,0,10.4625,6.0,2,5.23125,True,False,False,False,False,False,False,False,True,False,False,False,False,True
207,0,15.85,96.0,2,7.925,False,True,False,False,False,False,False,False,False,False,True,False,False,True
208,1,18.7875,78.0,1,18.7875,False,True,False,False,False,False,False,False,False,False,True,True,False,False
209,1,7.75,48.0,1,7.75,True,False,False,False,False,False,False,False,False,False,True,False,True,False
210,1,31.0,40.0,1,31.0,False,True,True,False,False,False,False,False,False,False,False,True,False,False
211,0,7.05,72.0,1,7.05,False,True,False,False,False,False,False,False,False,False,True,False,False,True
212,1,21.0,70.0,1,21.0,True,False,False,False,False,False,False,False,False,False,True,False,False,True
213,0,7.25,66.0,1,7.25,False,True,False,False,False,False,False,False,False,False,True,False,False,True
214,0,13.0,60.0,1,13.0,False,True,False,False,False,False,False,False,False,False,True,False,False,True
215,0,7.75,89.09735294117647,2,3.875,False,True,False,False,False,False,False,False,False,False,True,False,True,False
216,1,113.275,31.0,2,56.6375,True,False,False,False,False,True,False,False,False,False,False,True,False,False
217,1,7.925,81.0,1,7.925,True,False,False,False,False,False,False,False,False,False,True,False,False,True
218,0,27.0,84.0,2,13.5,False,True,False,False,False,False,False,False,False,False,True,False,False,True
219,1,76.2917,32.0,1,76.2917,True,False,False,False,False,True,False,False,False,False,False,True,False,False
220,0,10.5,60.0,1,10.5,False,True,False,False,False,False,False,False,False,False,True,False,False,True
221,1,8.05,48.0,1,8.05,False,True,False,False,False,False,False,False,False,False,True,False,False,True
222,0,13.0,54.0,1,13.0,False,True,False,False,False,False,False,False,False,False,True,False,False,True
223,0,8.05,153.0,1,8.05,False,True,False,False,False,False,False,False,False,False,True,False,False,True
224,0,7.8958,89.09735294117647,1,7.8958,False,True,False,False,False,False,False,False,False,False,True,False,False,True
225,1,90.0,38.0,2,45.0,False,True,False,False,True,False,False,False,False,False,False,False,False,True
226,0,9.35,66.0,1,9.35,False,True,False,False,False,False,False,False,False,False,True,False,False,True
227,1,10.5,38.0,1,10.5,False,True,False,False,False,False,False,False,False,False,True,False,False,True
228,0,7.25,61.5,1,7.25,False,True,False,False,False,False,False,False,False,False,True,False,False,True
229,0,13.0,36.0,1,13.0,False,True,False,False,False,False,False,False,False,False,True,False,False,True
230,0,25.4667,89.09735294117647,5,5.0933399999999995,True,False,False,False,False,False,False,False,False,False,True,False,False,True
231,1,83.475,35.0,2,41.7375,True,False,False,False,True,False,False,False,False,False,False,False,False,True
232,0,7.775,87.0,1,7.775,False,True,False,False,False,False,False,False,False,False,True,False,False,True
233,0,13.5,118.0,1,13.5,False,True,False,False,False,False,False,False,False,False,True,False,False,True
234,1,31.3875,15.0,7,4.483928571428572,True,False,False,False,False,False,False,False,False,False,True,False,False,True
235,0,10.5,48.0,1,10.5,False,True,False,False,False,False,False,False,False,False,True,False,False,True
236,0,7.55,89.09735294117647,1,7.55,True,False,False,False,False,False,False,False,False,False,True,False,False,True
237,0,26.0,88.0,2,13.0,False,True,False,False,False,False,False,False,False,False,True,False,False,True
238,1,26.25,16.0,3,8.75,True,False,False,False,False,False,False,False,False,False,True,False,False,True
239,0,10.5,38.0,1,10.5,False,True,False,False,False,False,False,False,False,False,True,False,False,True
240,0,12.275,66.0,1,12.275,False,True,False,False,False,False,False,False,False,False,True,False,False,True
241,0,14.4542,89.09735294117647,2,7.2271,True,False,False,False,False,False,False,False,False,False,True,True,False,False
242,1,15.5,89.09735294117647,2,7.75,True,False,False,False,False,False,False,False,False,False,True,False,True,False
243,0,10.5,58.0,1,10.5,False,True,False,False,False,False,False,False,False,False,True,False,False,True
244,0,7.125,66.0,1,7.125,False,True,False,False,False,False,False,False,False,False,True,False,False,True
245,0,7.225,90.0,1,7.225,False,True,False,False,False,False,False,False,False,False,True,True,False,False
246,0,90.0,44.0,3,30.0,False,True,False,False,True,False,False,False,False,False,False,False,True,False
247,0,7.775,75.0,1,7.775,True,False,False,False,False,False,False,False,False,False,True,False,False,True
248,1,14.5,48.0,3,4.833333333333333,True,False,False,False,False,False,False,False,False,False,True,False,False,True
249,1,52.5542,37.0,3,17.518066666666666,False,True,False,False,False,True,False,False,False,False,False,False,False,True
250,0,26.0,108.0,2,13.0,False,True,False,False,False,False,False,False,False,False,True,False,False,True
251,0,7.25,89.09735294117647,1,7.25,False,True,False,False,False,False,False,False,False,False,True,False,False,True
252,0,10.4625,87.0,3,3.4875000000000003,True,False,False,False,False,False,False,False,True,False,False,False,False,True
253,0,26.55,62.0,1,26.55,False,True,False,False,True,False,False,False,False,False,False,False,False,True
254,0,16.1,90.0,2,8.05,False,True,False,False,False,False,False,False,False,False,True,False,False,True
255,0,20.2125,123.0,3,6.7375,True,False,False,False,False,False,False,False,False,False,True,False,False,True
256,1,15.2458,87.0,3,5.081933333333333,True,False,False,False,False,False,False,False,False,False,True,True,False,False
257,1,79.2,29.69911764705882,1,79.2,True,False,False,False,False,False,False,False,False,False,True,True,False,False
258,1,86.5,30.0,1,86.5,True,False,False,True,False,False,False,False,False,False,False,False,False,True
259,1,512.3292,35.0,1,512.3292,True,False,False,False,False,False,False,False,False,False,True,True,False,False
260,1,26.0,100.0,2,13.0,True,False,False,False,False,False,False,False,False,False,True,False,False,True
261,0,7.75,89.09735294117647,1,7.75,False,True,False,False,False,False,False,False,False,False,True,False,True,False
262,1,31.3875,9.0,7,4.483928571428572,False,True,False,False,False,False,False,False,False,False,True,False,False,True
263,0,79.65,52.0,3,26.55,False,True,False,False,False,False,True,False,False,False,False,False,False,True
264,0,0.0,40.0,1,0.0,False,True,False,True,False,False,False,False,False,False,False,False,False,True
265,0,7.75,89.09735294117647,1,7.75,True,False,False,False,False,False,False,False,False,False,True,False,True,False
266,0,10.5,72.0,1,10.5,False,True,False,False,False,False,False,False,False,False,True,False,False,True
267,0,39.6875,48.0,6,6.614583333333333,False,True,False,False,False,False,False,False,False,False,True,False,False,True
268,1,7.775,75.0,2,3.8875,False,True,False,False,False,False,False,False,False,False,True,False,False,True
269,1,153.4625,58.0,2,76.73125,True,False,False,False,True,False,False,False,False,False,False,False,False,True
270,1,135.6333,35.0,1,135.6333,True,False,False,False,True,False,False,False,False,False,False,False,False,True
271,0,31.0,29.69911764705882,1,31.0,False,True,False,False,False,False,False,False,False,False,True,False,False,True
272,1,0.0,75.0,1,0.0,False,True,False,False,False,False,False,False,False,False,True,False,False,True
273,1,19.5,82.0,2,9.75,True,False,False,False,False,False,False,False,False,False,True,False,False,True
274,0,29.7,37.0,2,14.85,False,True,False,False,True,False,False,False,False,False,False,True,False,False
275,1,7.75,89.09735294117647,1,7.75,True,False,False,False,False,False,False,False,False,False,True,False,True,False
276,1,77.9583,63.0,2,38.97915,True,False,False,False,False,True,False,False,False,False,False,False,False,True
277,0,7.75,135.0,1,7.75,True,False,False,False,False,False,False,False,False,False,True,False,False,True
278,0,0.0,59.39823529411764,1,0.0,False,True,False,False,False,False,False,False,False,False,True,False,False,True
279,0,29.125,21.0,6,4.854166666666667,False,True,False,False,False,False,False,False,False,False,True,False,True,False
280,1,20.25,105.0,3,6.75,True,False,False,False,False,False,False,False,False,False,True,False,False,True
281,0,7.75,195.0,1,7.75,False,True,False,False,False,False,False,False,False,False,True,False,True,False
282,0,7.8542,84.0,1,7.8542,False,True,False,False,False,False,False,False,False,False,True,False,False,True
283,0,9.5,48.0,1,9.5,False,True,False,False,False,False,False,False,False,False,True,False,False,True
284,1,8.05,57.0,1,8.05,False,True,False,False,False,False,False,False,False,False,True,False,False,True
285,0,26.0,29.69911764705882,1,26.0,False,True,True,False,False,False,False,False,False,False,False,False,False,True
286,0,8.6625,99.0,1,8.6625,False,True,False,False,False,False,False,False,False,False,True,True,False,False
287,1,9.5,90.0,1,9.5,False,True,False,False,False,False,False,False,False,False,True,False,False,True
288,0,7.8958,66.0,1,7.8958,False,True,False,False,False,False,False,False,False,False,True,False,False,True
289,1,13.0,84.0,1,13.0,False,True,False,False,False,False,False,False,False,False,True,False,False,True
290,1,7.75,66.0,1,7.75,True,False,False,False,False,False,False,False,False,False,True,False,True,False
291,1,78.85,26.0,1,78.85,True,False,False,False,False,False,False,False,False,False,True,False,False,True
292,1,91.0792,19.0,2,45.5396,True,False,False,True,False,False,False,False,False,False,False,True,False,False
293,0,12.875,72.0,1,12.875,False,True,False,False,False,True,False,False,False,False,False,True,False,False
294,0,8.85,72.0,1,8.85,True,False,False,False,False,False,False,False,False,False,True,False,False,True
295,0,7.8958,72.0,1,7.8958,False,True,False,False,False,False,False,False,False,False,True,False,False,True
296,0,27.7208,29.69911764705882,1,27.7208,False,True,False,False,False,False,False,False,False,False,True,True,False,False
297,0,7.2292,70.5,1,7.2292,False,True,False,False,False,False,False,False,False,False,True,True,False,False
298,0,151.55,2.0,4,37.8875,True,False,False,False,True,False,False,False,False,False,False,False,False,True
299,1,30.5,29.69911764705882,1,30.5,False,True,False,False,True,False,False,False,False,False,False,False,False,True
300,1,247.5208,50.0,2,123.7604,True,False,False,True,False,False,False,False,False,False,False,True,False,False
301,1,7.75,89.09735294117647,1,7.75,True,False,False,False,False,False,False,False,False,False,True,False,True,False
302,1,23.25,89.09735294117647,3,7.75,False,True,False,False,False,False,False,False,False,False,True,False,True,False
303,0,0.0,57.0,1,0.0,False,True,False,False,False,False,False,False,False,False,True,False,False,True
304,1,12.35,59.39823529411764,1,12.35,True,False,False,False,False,False,True,False,False,False,False,False,True,False
305,0,8.05,89.09735294117647,1,8.05,False,True,False,False,False,False,False,False,False,False,True,False,False,True
306,1,151.55,0.92,4,37.8875,False,True,False,False,True,False,False,False,False,False,False,False,False,True
307,1,110.8833,29.69911764705882,1,110.8833,True,False,False,False,False,False,False,False,False,False,True,True,False,False
308,1,108.9,17.0,2,54.45,True,False,False,False,True,False,False,False,False,False,False,True,False,False
309,0,24.0,60.0,2,12.0,False,True,False,False,False,False,False,False,False,False,True,True,False,False
310,1,56.9292,30.0,1,56.9292,True,False,False,False,False,False,True,False,False,False,False,True,False,False
311,1,83.1583,24.0,1,83.1583,True,False,False,False,True,False,False,False,False,False,False,True,False,False
312,1,262.375,18.0,5,52.475,True,False,False,True,False,False,False,False,False,False,False,True,False,False
313,0,26.0,52.0,3,8.666666666666666,True,False,False,False,False,False,False,False,False,False,True,False,False,True
314,0,7.8958,84.0,1,7.8958,False,True,False,False,False,False,False,False,False,False,True,False,False,True
315,0,26.25,86.0,3,8.75,False,True,False,False,False,False,False,False,False,False,True,False,False,True
316,1,7.8542,78.0,1,7.8542,True,False,False,False,False,False,False,False,False,False,True,False,False,True
317,1,26.0,48.0,2,13.0,True,False,False,False,False,False,False,False,False,False,True,False,False,True
318,0,14.0,108.0,1,14.0,False,True,False,False,False,False,False,False,False,False,True,False,False,True
319,1,164.8667,31.0,3,54.95556666666667,True,False,False,False,True,False,False,False,False,False,False,False,False,True
320,1,134.5,40.0,3,44.833333333333336,True,False,False,False,False,False,True,False,False,False,False,True,False,False
321,0,7.25,66.0,1,7.25,False,True,False,False,False,False,False,False,False,False,True,False,False,True
322,0,7.8958,81.0,1,7.8958,False,True,False,False,False,False,False,False,False,False,True,False,False,True
323,1,12.35,60.0,1,12.35,True,False,False,False,False,False,False,False,False,False,True,False,True,False
324,1,29.0,44.0,3,9.666666666666666,True,False,False,False,False,False,False,False,False,False,True,False,False,True
325,0,69.55,89.09735294117647,11,6.322727272727272,False,True,False,False,False,False,False,False,False,False,True,False,False,True
326,1,135.6333,36.0,1,135.6333,True,False,False,False,True,False,False,False,False,False,False,True,False,False
327,0,6.2375,183.0,1,6.2375,False,True,False,False,False,False,False,False,False,False,True,False,False,True
328,1,13.0,72.0,1,13.0,True,False,False,False,False,True,False,False,False,False,False,False,False,True
329,1,20.525,93.0,3,6.841666666666666,True,False,False,False,False,False,False,False,False,False,True,False,False,True
330,1,57.9792,16.0,2,28.9896,True,False,False,True,False,False,False,False,False,False,False,True,False,False
331,1,23.25,89.09735294117647,3,7.75,True,False,False,False,False,False,False,False,False,False,True,False,True,False
332,0,28.5,45.5,1,28.5,False,True,False,False,True,False,False,False,False,False,False,False,False,True
333,0,153.4625,38.0,2,76.73125,False,True,False,False,True,False,False,False,False,False,False,False,False,True
334,0,18.0,48.0,3,6.0,False,True,False,False,False,False,False,False,False,False,True,False,False,True
335,1,133.65,29.69911764705882,2,66.825,True,False,False,False,False,False,False,False,False,False,True,False,False,True
336,0,7.8958,89.09735294117647,1,7.8958,False,True,False,False,False,False,False,False,False,False,True,False,False,True
337,0,66.6,29.0,2,33.3,False,True,False,False,True,False,False,False,False,False,False,False,False,True
338,1,134.5,41.0,1,134.5,True,False,False,False,False,False,True,False,False,False,False,True,False,False
339,1,8.05,135.0,1,8.05,False,True,False,False,False,False,False,False,False,False,True,False,False,True
340,0,35.5,45.0,1,35.5,False,True,False,False,False,False,False,False,False,True,False,False,False,True
341,1,26.0,4.0,3,8.666666666666666,False,True,False,False,False,False,False,True,False,False,False,False,False,True
342,1,263.0,24.0,6,43.833333333333336,True,False,False,False,True,False,False,False,False,False,False,False,False,True
343,0,13.0,56.0,1,13.0,False,True,False,False,False,False,False,False,False,False,True,False,False,True
344,0,13.0,50.0,1,13.0,False,True,False,False,False,False,False,False,False,False,True,False,False,True
345,0,13.0,72.0,1,13.0,False,True,False,False,False,False,False,False,False,False,True,False,False,True
346,1,13.0,48.0,1,13.0,True,False,False,False,False,False,False,True,False,False,False,False,False,True
347,1,13.0,80.0,1,13.0,True,False,False,False,False,False,False,False,False,False,True,False,False,True
348,1,16.1,89.09735294117647,2,8.05,True,False,False,False,False,False,False,False,False,False,True,False,False,True
349,1,15.9,9.0,3,5.3,False,True,False,False,False,False,False,False,False,False,True,False,False,True
350,0,8.6625,126.0,1,8.6625,False,True,False,False,False,False,False,False,False,False,True,False,False,True
351,0,9.225,69.0,1,9.225,False,True,False,False,False,False,False,False,False,False,True,False,False,True
352,0,35.0,29.69911764705882,1,35.0,False,True,False,False,True,False,False,False,False,False,False,False,False,True
353,0,7.2292,45.0,3,2.409733333333333,False,True,False,False,False,False,False,False,False,False,True,True,False,False
354,0,17.8,75.0,2,8.9,False,True,False,False,False,False,False,False,False,False,True,False,False,True
355,0,7.225,89.09735294117647,1,7.225,False,True,False,False,False,False,False,False,False,False,True,True,False,False
356,0,9.5,84.0,1,9.5,False,True,False,False,False,False,False,False,False,False,True,False,False,True
357,1,55.0,22.0,2,27.5,True,False,False,False,False,False,True,False,False,False,False,False,False,True
358,0,13.0,76.0,1,13.0,True,False,False,False,False,False,False,False,False,False,True,False,False,True
359,1,7.8792,89.09735294117647,1,7.8792,True,False,False,False,False,False,False,False,False,False,True,False,True,False
360,1,7.8792,89.09735294117647,1,7.8792,True,False,False,False,False,False,False,False,False,False,True,False,True,False
361,0,27.9,120.0,6,4.6499999999999995,False,True,False,False,False,False,False,False,False,False,True,False,False,True
362,0,27.7208,58.0,2,13.8604,False,True,False,False,False,False,False,False,False,False,True,True,False,False
363,0,14.4542,135.0,2,7.2271,True,False,False,False,False,False,False,False,False,False,True,True,False,False
364,0,7.05,105.0,1,7.05,False,True,False,False,False,False,False,False,False,False,True,False,False,True
365,0,15.5,89.09735294117647,2,7.75,False,True,False,False,False,False,False,False,False,False,True,False,True,False
366,0,7.25,90.0,1,7.25,False,True,False,False,False,False,False,False,False,False,True,False,False,True
367,1,75.25,60.0,2,37.625,True,False,False,False,False,True,False,False,False,False,False,True,False,False
368,1,7.2292,89.09735294117647,1,7.2292,True,False,False,False,False,False,False,False,False,False,True,True,False,False
369,1,7.75,89.09735294117647,1,7.75,True,False,False,False,False,False,False,False,False,False,True,False,True,False
370,1,69.3,24.0,1,69.3,True,False,False,True,False,False,False,False,False,False,False,True,False,False
371,1,55.4417,25.0,2,27.72085,False,True,False,False,False,False,True,False,False,False,False,True,False,False
372,0,6.4958,54.0,2,3.2479,False,True,False,False,False,False,False,False,False,False,True,False,False,True
373,0,8.05,57.0,1,8.05,False,True,False,False,False,False,False,False,False,False,True,False,False,True
374,0,135.6333,22.0,1,135.6333,False,True,False,False,False,False,False,False,False,False,True,True,False,False
375,0,21.075,9.0,5,4.215,True,False,False,False,False,False,False,False,False,False,True,False,False,True
376,1,82.1708,29.69911764705882,2,41.0854,True,False,False,False,False,False,False,False,False,False,True,True,False,False
377,1,7.25,66.0,1,7.25,True,False,False,False,False,False,False,False,False,False,True,False,False,True
378,0,211.5,27.0,3,70.5,False,True,False,False,True,False,False,False,False,False,False,True,False,False
379,0,4.0125,60.0,1,4.0125,False,True,False,False,False,False,False,False,False,False,True,True,False,False
380,0,7.775,57.0,1,7.775,False,True,False,False,False,False,False,False,False,False,True,False,False,True
381,1,227.525,42.0,1,227.525,True,False,False,False,False,False,False,False,False,False,True,True,False,False
382,1,15.7417,3.0,3,5.247233333333333,True,False,False,False,False,False,False,False,False,False,True,True,False,False
383,0,7.925,96.0,1,7.925,False,True,False,False,False,False,False,False,False,False,True,False,False,True
384,1,52.0,35.0,2,26.0,True,False,False,False,False,False,False,False,False,False,True,False,False,True
385,0,7.8958,89.09735294117647,1,7.8958,False,True,False,False,False,False,False,False,False,False,True,False,False,True
386,0,73.5,36.0,1,73.5,False,True,False,False,False,False,False,False,False,False,True,False,False,True
387,0,46.9,3.0,8,5.8625,False,True,False,False,False,False,False,False,False,False,True,False,False,True
388,1,13.0,72.0,1,13.0,True,False,False,False,False,False,False,False,False,False,True,False,False,True
389,0,7.7292,89.09735294117647,1,7.7292,False,True,False,False,False,False,False,False,False,False,True,False,True,False
390,1,12.0,34.0,1,12.0,True,False,False,False,False,False,False,False,False,False,True,True,False,False
391,1,120.0,36.0,4,30.0,False,True,False,True,False,False,False,False,False,False,False,False,False,True
392,1,7.7958,63.0,1,7.7958,False,True,False,False,False,False,False,False,False,False,True,False,False,True
393,0,7.925,84.0,3,2.6416666666666666,False,True,False,False,False,False,False,False,False,False,True,False,False,True
394,1,113.275,23.0,2,56.6375,True,False,False,False,False,True,False,False,False,False,False,True,False,False
395,1,16.7,72.0,3,5.566666666666666,True,False,False,False,False,False,False,False,True,False,False,False,False,True
396,0,7.7958,66.0,1,7.7958,False,True,False,False,False,False,False,False,False,False,True,False,False,True
397,0,7.8542,93.0,1,7.8542,True,False,False,False,False,False,False,False,False,False,True,False,False,True
398,0,26.0,92.0,1,26.0,False,True,False,False,False,False,False,False,False,False,True,False,False,True
399,0,10.5,46.0,1,10.5,False,True,False,False,False,False,False,False,False,False,True,False,False,True
400,1,12.65,56.0,1,12.65,True,False,False,False,False,False,False,False,False,False,True,False,False,True
401,1,7.925,117.0,1,7.925,False,True,False,False,False,False,False,False,False,False,True,False,False,True
402,0,8.05,78.0,1,8.05,False,True,False,False,False,False,False,False,False,False,True,False,False,True
403,0,9.825,63.0,2,4.9125,True,False,False,False,False,False,False,False,False,False,True,False,False,True
404,0,15.85,84.0,2,7.925,False,True,False,False,False,False,False,False,False,False,True,False,False,True
405,0,8.6625,60.0,1,8.6625,True,False,False,False,False,False,False,False,False,False,True,False,False,True
406,0,21.0,68.0,2,10.5,False,True,False,False,False,False,False,False,False,False,True,False,False,True
407,0,7.75,153.0,1,7.75,False,True,False,False,False,False,False,False,False,False,True,False,False,True
408,1,18.75,6.0,3,6.25,False,True,False,False,False,False,False,False,False,False,True,False,False,True
409,0,7.775,63.0,1,7.775,False,True,False,False,False,False,False,False,False,False,True,False,False,True
410,0,25.4667,89.09735294117647,5,5.0933399999999995,True,False,False,False,False,False,False,False,False,False,True,False,False,True
411,0,7.8958,89.09735294117647,1,7.8958,False,True,False,False,False,False,False,False,False,False,True,False,False,True
412,0,6.8583,89.09735294117647,1,6.8583,False,True,False,False,False,False,False,False,False,False,True,False,True,False
413,1,90.0,33.0,2,45.0,True,False,False,False,True,False,False,False,False,False,False,False,True,False
414,0,0.0,59.39823529411764,1,0.0,False,True,False,False,False,False,False,False,False,False,True,False,False,True
415,1,7.925,132.0,1,7.925,False,True,False,False,False,False,False,False,False,False,True,False,False,True
416,0,8.05,89.09735294117647,1,8.05,True,False,False,False,False,False,False,False,False,False,True,False,False,True
417,1,32.5,68.0,3,10.833333333333334,True,False,False,False,False,False,False,False,False,False,True,False,False,True
418,1,13.0,36.0,3,4.333333333333333,True,False,False,False,False,False,False,False,False,False,True,False,False,True
419,0,13.0,60.0,1,13.0,False,True,False,False,False,False,False,False,False,False,True,False,False,True
420,0,24.15,30.0,3,8.049999999999999,True,False,False,False,False,False,False,False,False,False,True,False,False,True
421,0,7.8958,89.09735294117647,1,7.8958,False,True,False,False,False,False,False,False,False,False,True,True,False,False
422,0,7.7333,63.0,1,7.7333,False,True,False,False,False,False,False,False,False,False,True,False,True,False
423,0,7.875,87.0,1,7.875,False,True,False,False,False,False,False,False,False,False,True,False,False,True
424,0,14.4,84.0,3,4.8,True,False,False,False,False,False,False,False,False,False,True,False,False,True
425,0,20.2125,54.0,3,6.7375,False,True,False,False,False,False,False,False,False,False,True,False,False,True
426,0,7.25,89.09735294117647,1,7.25,False,True,False,False,False,False,False,False,False,False,True,False,False,True
427,1,26.0,56.0,2,13.0,True,False,False,False,False,False,False,False,False,False,True,False,False,True
428,1,26.0,38.0,1,26.0,True,False,False,False,False,False,False,False,False,False,True,False,False,True
429,0,7.75,89.09735294117647,1,7.75,False,True,False,False,False,False,False,False,False,False,True,False,True,False
430,1,8.05,96.0,1,8.05,False,True,False,False,False,False,True,False,False,False,False,False,False,True
431,1,26.55,28.0,1,26.55,False,True,False,False,True,False,False,False,False,False,False,False,False,True
432,1,16.1,89.09735294117647,2,8.05,True,False,False,False,False,False,False,False,False,False,True,False,False,True
433,1,26.0,84.0,2,13.0,True,False,False,False,False,False,False,False,False,False,True,False,False,True
434,0,7.125,51.0,1,7.125,False,True,False,False,False,False,False,False,False,False,True,False,False,True
435,0,55.9,50.0,2,27.95,False,True,False,False,False,False,True,False,False,False,False,False,False,True
436,1,120.0,14.0,4,30.0,True,False,False,True,False,False,False,False,False,False,False,False,False,True
437,0,34.375,63.0,5,6.875,True,False,False,False,False,False,False,False,False,False,True,False,False,True
438,1,18.75,48.0,6,3.125,True,False,False,False,False,False,False,False,False,False,True,False,False,True
439,0,263.0,64.0,6,43.833333333333336,False,True,False,False,True,False,False,False,False,False,False,False,False,True
440,0,10.5,62.0,1,10.5,False,True,False,False,False,False,False,False,False,False,True,False,False,True
441,1,26.25,90.0,3,8.75,True,False,False,False,False,False,False,False,False,False,True,False,False,True
442,0,9.5,60.0,1,9.5,False,True,False,False,False,False,False,False,False,False,True,False,False,True
443,0,7.775,75.0,2,3.8875,False,True,False,False,False,False,False,False,False,False,True,False,False,True
444,1,13.0,56.0,1,13.0,True,False,False,False,False,False,False,False,False,False,True,False,False,True
445,1,8.1125,89.09735294117647,1,8.1125,False,True,False,False,False,False,False,False,False,False,True,False,False,True
446,1,81.8583,4.0,3,27.2861,False,True,True,False,False,False,False,False,False,False,False,False,False,True
447,1,19.5,26.0,2,9.75,True,False,False,False,False,False,False,False,False,False,True,False,False,True
448,1,26.55,34.0,1,26.55,False,True,False,False,False,False,False,False,False,False,True,False,False,True
449,1,19.2583,15.0,4,4.814575,True,False,False,False,False,False,False,False,False,False,True,True,False,False
450,1,30.5,52.0,1,30.5,False,True,False,False,True,False,False,False,False,False,False,False,False,True
451,0,27.75,72.0,4,6.9375,False,True,False,False,False,False,False,False,False,False,True,False,False,True
452,0,19.9667,89.09735294117647,2,9.98335,False,True,False,False,False,False,False,False,False,False,True,False,False,True
453,0,27.75,30.0,1,27.75,False,True,False,False,True,False,False,False,False,False,False,True,False,False
454,1,89.1042,49.0,2,44.5521,False,True,False,False,True,False,False,False,False,False,False,True,False,False
455,0,8.05,89.09735294117647,1,8.05,False,True,False,False,False,False,False,False,False,False,True,False,False,True
456,1,7.8958,87.0,1,7.8958,False,True,False,False,False,False,False,False,False,False,True,True,False,False
457,0,26.55,65.0,1,26.55,False,True,False,False,False,False,True,False,False,False,False,False,False,True
458,1,51.8625,29.69911764705882,2,25.93125,True,False,False,False,False,True,False,False,False,False,False,False,False,True
459,1,10.5,100.0,1,10.5,True,False,False,False,False,False,False,False,False,False,True,False,False,True
460,0,7.75,89.09735294117647,1,7.75,False,True,False,False,False,False,False,False,False,False,True,False,True,False
461,1,26.55,48.0,1,26.55,False,True,False,False,False,False,True,False,False,False,False,False,False,True
462,0,8.05,102.0,1,8.05,False,True,False,False,False,False,False,False,False,False,True,False,False,True
463,0,38.5,47.0,1,38.5,False,True,False,False,False,False,True,False,False,False,False,False,False,True
464,0,13.0,96.0,1,13.0,False,True,False,False,False,False,False,False,False,False,True,False,False,True
465,0,8.05,89.09735294117647,1,8.05,False,True,False,False,False,False,False,False,False,False,True,False,False,True
466,0,7.05,114.0,1,7.05,False,True,False,False,False,False,False,False,False,False,True,False,False,True
467,0,0.0,59.39823529411764,1,0.0,False,True,False,False,False,False,False,False,False,False,True,False,False,True
468,0,26.55,56.0,1,26.55,False,True,False,False,False,False,False,False,False,False,True,False,False,True
469,0,7.725,89.09735294117647,1,7.725,False,True,False,False,False,False,False,False,False,False,True,False,True,False
470,1,19.2583,2.25,4,4.814575,True,False,False,False,False,False,False,False,False,False,True,True,False,False
471,0,7.25,89.09735294117647,1,7.25,False,True,False,False,False,False,False,False,False,False,True,False,False,True
472,0,8.6625,114.0,1,8.6625,False,True,False,False,False,False,False,False,False,False,True,False,False,True
473,1,27.75,66.0,4,6.9375,True,False,False,False,False,False,False,False,False,False,True,False,False,True
474,1,13.7917,46.0,1,13.7917,True,False,False,False,False,True,False,False,False,False,False,True,False,False
475,0,9.8375,66.0,1,9.8375,True,False,False,False,False,False,False,False,False,False,True,False,False,True
476,0,52.0,29.69911764705882,1,52.0,False,True,True,False,False,False,False,False,False,False,False,False,False,True
477,0,21.0,68.0,2,10.5,False,True,False,False,False,False,False,False,False,False,True,False,False,True
478,0,7.0458,87.0,2,3.5229,False,True,False,False,False,False,False,False,False,False,True,False,False,True
479,0,7.5208,66.0,1,7.5208,False,True,False,False,False,False,False,False,False,False,True,False,False,True
480,1,12.2875,6.0,2,6.14375,True,False,False,False,False,False,False,False,False,False,True,False,False,True
481,0,46.9,27.0,8,5.8625,False,True,False,False,False,False,False,False,False,False,True,False,False,True
482,0,0.0,59.39823529411764,1,0.0,False,True,False,False,False,False,False,False,False,False,True,False,False,True
483,0,8.05,150.0,1,8.05,False,True,False,False,False,False,False,False,False,False,True,False,False,True
484,1,9.5875,189.0,1,9.5875,True,False,False,False,False,False,False,False,False,False,True,False,False,True
485,1,91.0792,25.0,2,45.5396,False,True,False,True,False,False,False,False,False,False,False,True,False,False
486,0,25.4667,89.09735294117647,5,5.0933399999999995,True,False,False,False,False,False,False,False,False,False,True,False,False,True
487,1,90.0,35.0,2,45.0,True,False,False,False,True,False,False,False,False,False,False,False,False,True
488,0,29.7,58.0,1,29.7,False,True,False,True,False,False,False,False,False,False,False,True,False,False
489,0,8.05,90.0,1,8.05,False,True,False,False,False,False,False,False,False,False,True,False,False,True
490,1,15.9,27.0,3,5.3,False,True,False,False,False,False,False,False,False,False,True,False,False,True
491,0,19.9667,89.09735294117647,2,9.98335,False,True,False,False,False,False,False,False,False,False,True,False,False,True
492,0,7.25,63.0,1,7.25,False,True,False,False,False,False,False,False,False,False,True,False,False,True
493,0,30.5,55.0,1,30.5,False,True,False,False,True,False,False,False,False,False,False,False,False,True
494,0,49.5042,71.0,1,49.5042,False,True,False,False,False,False,False,False,False,False,True,True,False,False
495,0,8.05,63.0,1,8.05,False,True,False,False,False,False,False,False,False,False,True,False,False,True
496,0,14.4583,89.09735294117647,1,14.4583,False,True,False,False,False,False,False,False,False,False,True,True,False,False
497,1,78.2667,54.0,2,39.13335,True,False,False,False,False,True,False,False,False,False,False,True,False,False
498,0,15.1,89.09735294117647,1,15.1,False,True,False,False,False,False,False,False,False,False,True,False,False,True
499,0,151.55,25.0,4,37.8875,True,False,False,False,True,False,False,False,False,False,False,False,False,True
500,0,7.7958,72.0,1,7.7958,False,True,False,False,False,False,False,False,False,False,True,False,False,True
501,0,8.6625,51.0,1,8.6625,False,True,False,False,False,False,False,False,False,False,True,False,False,True
502,0,7.75,63.0,1,7.75,True,False,False,False,False,False,False,False,False,False,True,False,True,False
503,0,7.6292,89.09735294117647,1,7.6292,True,False,False,False,False,False,False,False,False,False,True,False,True,False
504,0,9.5875,111.0,1,9.5875,True,False,False,False,False,False,False,False,False,False,True,False,False,True
505,1,86.5,16.0,1,86.5,True,False,False,True,False,False,False,False,False,False,False,False,False,True
506,0,108.9,18.0,2,54.45,False,True,False,False,True,False,False,False,False,False,False,True,False,False
507,1,26.0,66.0,3,8.666666666666666,True,False,False,False,False,False,False,False,False,False,True,False,False,True
508,1,26.55,29.69911764705882,1,26.55,False,True,False,False,False,False,False,False,False,False,True,False,False,True
509,0,22.525,84.0,1,22.525,False,True,False,False,False,False,False,False,False,False,True,False,False,True
510,1,56.4958,78.0,1,56.4958,False,True,False,False,False,False,False,False,False,False,True,False,False,True
511,1,7.75,87.0,1,7.75,False,True,False,False,False,False,False,False,False,False,True,False,True,False
512,0,8.05,89.09735294117647,1,8.05,False,True,False,False,False,False,False,False,False,False,True,False,False,True
513,1,26.2875,36.0,1,26.2875,False,True,False,False,False,False,True,False,False,False,False,False,False,True
514,1,59.4,54.0,2,29.7,True,False,False,False,False,False,False,False,False,False,True,True,False,False
515,0,7.4958,72.0,1,7.4958,False,True,False,False,False,False,False,False,False,False,True,False,False,True
516,0,34.0208,47.0,1,34.0208,False,True,False,False,False,True,False,False,False,False,False,False,False,True
517,1,10.5,68.0,1,10.5,True,False,False,False,False,False,False,True,False,False,False,False,False,True
518,0,24.15,89.09735294117647,1,24.15,False,True,False,False,False,False,False,False,False,False,True,False,True,False
519,1,26.0,72.0,2,13.0,True,False,False,False,False,False,False,False,False,False,True,False,False,True
520,0,7.8958,96.0,1,7.8958,False,True,False,False,False,False,False,False,False,False,True,False,False,True
521,1,93.5,30.0,1,93.5,True,False,False,True,False,False,False,False,False,False,False,False,False,True
522,0,7.8958,66.0,1,7.8958,False,True,False,False,False,False,False,False,False,False,True,False,False,True
523,0,7.225,89.09735294117647,1,7.225,False,True,False,False,False,False,False,False,False,False,True,True,False,False
524,1,57.9792,44.0,2,28.9896,True,False,False,True,False,False,False,False,False,False,False,True,False,False
525,0,7.2292,89.09735294117647,1,7.2292,False,True,False,False,False,False,False,False,False,False,True,True,False,False
526,0,7.75,121.5,1,7.75,False,True,False,False,False,False,False,False,False,False,True,False,True,False
527,1,10.5,100.0,1,10.5,True,False,False,False,False,False,False,False,False,False,True,False,False,True
528,0,221.7792,29.69911764705882,1,221.7792,False,True,False,False,True,False,False,False,False,False,False,False,False,True
529,0,7.925,117.0,1,7.925,False,True,False,False,False,False,False,False,False,False,True,False,False,True
530,0,11.5,46.0,4,2.875,False,True,False,False,False,False,False,False,False,False,True,False,False,True
531,1,26.0,4.0,3,8.666666666666666,True,False,False,False,False,False,False,False,False,False,True,False,False,True
532,0,7.2292,89.09735294117647,1,7.2292,False,True,False,False,False,False,False,False,False,False,True,True,False,False
533,0,7.2292,51.0,3,2.409733333333333,False,True,False,False,False,False,False,False,False,False,True,True,False,False
534,1,22.3583,89.09735294117647,3,7.452766666666666,True,False,False,False,False,False,False,False,False,False,True,True,False,False
535,0,8.6625,90.0,1,8.6625,True,False,False,False,False,False,False,False,False,False,True,False,False,True
536,1,26.25,14.0,3,8.75,True,False,False,False,False,False,False,False,False,False,True,False,False,True
537,0,26.55,45.0,1,26.55,False,True,False,True,False,False,False,False,False,False,False,False,False,True
538,1,106.425,30.0,1,106.425,True,False,False,False,False,False,False,False,False,False,True,True,False,False
539,0,14.5,89.09735294117647,1,14.5,False,True,False,False,False,False,False,False,False,False,True,False,False,True
540,1,49.5,22.0,3,16.5,True,False,False,True,False,False,False,False,False,False,False,True,False,False
541,1,71.0,36.0,3,23.666666666666668,True,False,False,True,False,False,False,False,False,False,False,False,False,True
542,0,31.275,27.0,7,4.4678571428571425,True,False,False,False,False,False,False,False,False,False,True,False,False,True
543,0,31.275,33.0,7,4.4678571428571425,True,False,False,False,False,False,False,False,False,False,True,False,False,True
544,1,26.0,64.0,2,13.0,False,True,False,False,False,False,False,False,False,False,True,False,False,True
545,0,106.425,50.0,2,53.2125,False,True,False,False,True,False,False,False,False,False,False,True,False,False
546,0,26.0,64.0,1,26.0,False,True,False,False,False,False,False,False,False,False,True,False,False,True
547,1,26.0,38.0,2,13.0,True,False,False,False,False,False,False,False,False,False,True,False,False,True
548,1,13.8625,59.39823529411764,1,13.8625,False,True,False,False,False,False,False,False,False,False,True,True,False,False
549,0,20.525,99.0,3,6.841666666666666,False,True,False,False,False,False,False,False,False,False,True,False,False,True
550,1,36.75,16.0,3,12.25,False,True,False,False,False,False,False,False,False,False,True,False,False,True
551,1,110.8833,17.0,3,36.9611,False,True,False,False,True,False,False,False,False,False,False,True,False,False
552,0,26.0,54.0,1,26.0,False,True,False,False,False,False,False,False,False,False,True,False,False,True
553,0,7.8292,89.09735294117647,1,7.8292,False,True,False,False,False,False,False,False,False,False,True,False,True,False
554,1,7.225,66.0,1,7.225,False,True,False,False,False,False,False,False,False,False,True,True,False,False
555,1,7.775,66.0,1,7.775,True,False,False,False,False,False,False,False,False,False,True,False,False,True
556,0,26.55,62.0,1,26.55,False,True,False,False,False,False,False,False,False,False,True,False,False,True
557,1,39.6,48.0,2,19.8,True,False,True,False,False,False,False,False,False,False,False,True,False,False
558,0,227.525,29.69911764705882,1,227.525,False,True,False,False,False,False,False,False,False,False,True,True,False,False
559,1,79.65,39.0,3,26.55,True,False,False,False,False,False,True,False,False,False,False,False,False,True
560,1,17.4,108.0,2,8.7,True,False,False,False,False,False,False,False,False,False,True,False,False,True
561,0,7.75,89.09735294117647,1,7.75,False,True,False,False,False,False,False,False,False,False,True,False,True,False
562,0,7.8958,120.0,1,7.8958,False,True,False,False,False,False,False,False,False,False,True,False,False,True
563,0,13.5,56.0,1,13.5,False,True,False,False,False,False,False,False,False,False,True,False,False,True
564,0,8.05,89.09735294117647,1,8.05,False,True,False,False,False,False,False,False,False,False,True,False,False,True
565,0,8.05,89.09735294117647,1,8.05,True,False,False,False,False,False,False,False,False,False,True,False,False,True
566,0,24.15,72.0,3,8.049999999999999,False,True,False,False,False,False,False,False,False,False,True,False,False,True
567,0,7.8958,57.0,1,7.8958,False,True,False,False,False,False,False,False,False,False,True,False,False,True
568,0,21.075,87.0,5,4.215,True,False,False,False,False,False,False,False,False,False,True,False,False,True
569,0,7.2292,89.09735294117647,1,7.2292,False,True,False,False,False,False,False,False,False,False,True,True,False,False
570,1,7.8542,96.0,1,7.8542,False,True,False,False,False,False,False,False,False,False,True,False,False,True
571,1,10.5,124.0,1,10.5,False,True,False,False,False,False,False,False,False,False,True,False,False,True
572,1,51.4792,53.0,3,17.15973333333333,True,False,False,False,True,False,False,False,False,False,False,False,False,True
573,1,26.3875,36.0,1,26.3875,False,True,False,False,False,False,True,False,False,False,False,False,False,True
574,1,7.75,89.09735294117647,1,7.75,True,False,False,False,False,False,False,False,False,False,True,False,True,False
575,0,8.05,48.0,1,8.05,False,True,False,False,False,False,False,False,False,False,True,False,False,True
576,0,14.5,57.0,1,14.5,False,True,False,False,False,False,False,False,False,False,True,False,False,True
577,1,13.0,68.0,1,13.0,True,False,False,False,False,False,False,False,False,False,True,False,False,True
578,1,55.9,39.0,2,27.95,True,False,False,False,False,False,True,False,False,False,False,False,False,True
579,0,14.4583,89.09735294117647,2,7.22915,True,False,False,False,False,False,False,False,False,False,True,True,False,False
580,1,7.925,96.0,1,7.925,False,True,False,False,False,False,False,False,False,False,True,False,False,True
581,1,30.0,50.0,3,10.0,True,False,False,False,False,False,False,False,False,False,True,False,False,True
582,1,110.8833,39.0,3,36.9611,True,False,False,False,True,False,False,False,False,False,False,True,False,False
583,0,26.0,108.0,1,26.0,False,True,False,False,False,False,False,False,False,False,True,False,False,True
584,0,40.125,36.0,1,40.125,False,True,True,False,False,False,False,False,False,False,False,True,False,False
585,0,8.7125,89.09735294117647,1,8.7125,False,True,False,False,False,False,False,False,False,False,True,True,False,False
586,1,79.65,18.0,3,26.55,True,False,False,False,False,False,True,False,False,False,False,False,False,True
587,0,15.0,94.0,1,15.0,False,True,False,False,False,False,False,False,False,False,True,False,False,True
588,1,79.2,60.0,3,26.400000000000002,False,True,False,True,False,False,False,False,False,False,False,True,False,False
589,0,8.05,66.0,1,8.05,False,True,False,False,False,False,False,False,False,False,True,False,False,True
590,0,8.05,89.09735294117647,1,8.05,False,True,False,False,False,False,False,False,False,False,True,False,False,True
591,0,7.125,105.0,1,7.125,False,True,False,False,False,False,False,False,False,False,True,False,False,True
592,1,78.2667,52.0,2,39.13335,True,False,False,False,False,True,False,False,False,False,False,True,False,False
593,0,7.25,141.0,1,7.25,False,True,False,False,False,False,False,False,False,False,True,False,False,True
594,0,7.75,89.09735294117647,3,2.5833333333333335,True,False,False,False,False,False,False,False,False,False,True,False,True,False
595,0,26.0,74.0,2,13.0,False,True,False,False,False,False,False,False,False,False,True,False,False,True
596,0,24.15,108.0,3,8.049999999999999,False,True,False,False,False,False,False,False,False,False,True,False,False,True
597,1,33.0,59.39823529411764,1,33.0,True,False,False,False,False,False,False,False,False,False,True,False,False,True
598,0,0.0,147.0,1,0.0,False,True,False,False,False,False,False,False,False,False,True,False,False,True
599,0,7.225,89.09735294117647,1,7.225,False,True,False,False,False,False,False,False,False,False,True,True,False,False
600,1,56.9292,49.0,2,28.4646,False,True,True,False,False,False,False,False,False,False,False,True,False,False
601,1,27.0,48.0,4,6.75,True,False,False,False,False,False,False,False,False,False,True,False,False,True
602,0,7.8958,89.09735294117647,1,7.8958,False,True,False,False,False,False,False,False,False,False,True,False,False,True
603,0,42.4,29.69911764705882,1,42.4,False,True,False,False,False,False,False,False,False,False,True,False,False,True
604,0,8.05,132.0,1,8.05,False,True,False,False,False,False,False,False,False,False,True,False,False,True
605,1,26.55,35.0,1,26.55,False,True,False,False,False,False,False,False,False,False,True,True,False,False
606,0,15.55,108.0,2,7.775,False,True,False,False,False,False,False,False,False,False,True,False,False,True
607,0,7.8958,90.0,1,7.8958,False,True,False,False,False,False,False,False,False,False,True,False,False,True
608,1,30.5,27.0,1,30.5,False,True,False,False,False,False,False,False,False,False,True,False,False,True
609,1,41.5792,44.0,4,10.3948,True,False,False,False,False,False,False,False,False,False,True,True,False,False
610,1,153.4625,40.0,1,153.4625,True,False,False,False,True,False,False,False,False,False,False,False,False,True
611,0,31.275,117.0,7,4.4678571428571425,True,False,False,False,False,False,False,False,False,False,True,False,False,True
612,0,7.05,89.09735294117647,1,7.05,False,True,False,False,False,False,False,False,False,False,True,False,False,True
613,1,15.5,89.09735294117647,2,7.75,True,False,False,False,False,False,False,False,False,False,True,False,True,False
614,0,7.75,89.09735294117647,1,7.75,False,True,False,False,False,False,False,False,False,False,True,False,True,False
615,0,8.05,105.0,1,8.05,False,True,False,False,False,False,False,False,False,False,True,False,False,True
616,1,65.0,48.0,4,16.25,True,False,False,False,False,False,False,False,False,False,True,False,False,True
617,0,14.4,102.0,3,4.8,False,True,False,False,False,False,False,False,False,False,True,False,False,True
618,0,16.1,78.0,2,8.05,True,False,False,False,False,False,False,False,False,False,True,False,False,True
619,1,39.0,8.0,4,9.75,True,False,False,False,False,False,False,True,False,False,False,False,False,True
620,0,10.5,52.0,1,10.5,False,True,False,False,False,False,False,False,False,False,True,False,False,True
621,0,14.4542,81.0,2,7.2271,False,True,False,False,False,False,False,False,False,False,True,True,False,False
622,1,52.5542,42.0,2,26.2771,False,True,False,False,False,True,False,False,False,False,False,False,False,True
623,1,15.7417,60.0,3,5.247233333333333,False,True,False,False,False,False,False,False,False,False,True,True,False,False
624,0,7.8542,63.0,1,7.8542,False,True,False,False,False,False,False,False,False,False,True,False,False,True
625,0,16.1,63.0,1,16.1,False,True,False,False,False,False,False,False,False,False,True,False,False,True
626,0,32.3208,61.0,1,32.3208,False,True,False,False,False,True,False,False,False,False,False,False,False,True
627,0,12.35,114.0,1,12.35,False,True,False,False,False,False,False,False,False,False,True,False,True,False
628,1,77.9583,21.0,1,77.9583,True,False,False,False,False,True,False,False,False,False,False,False,False,True
629,0,7.8958,78.0,1,7.8958,False,True,False,False,False,False,False,False,False,False,True,False,False,True
630,0,7.7333,89.09735294117647,1,7.7333,False,True,False,False,False,False,False,False,False,False,True,False,True,False
631,1,30.0,80.0,1,30.0,False,True,True,False,False,False,False,False,False,False,False,False,False,True
632,0,7.0542,153.0,1,7.0542,False,True,False,False,False,False,False,False,False,False,True,False,False,True
633,1,30.5,32.0,1,30.5,False,True,False,True,False,False,False,False,False,False,False,True,False,False
634,0,0.0,29.69911764705882,1,0.0,False,True,False,False,False,False,False,False,False,False,True,False,False,True
635,0,27.9,27.0,6,4.6499999999999995,True,False,False,False,False,False,False,False,False,False,True,False,False,True
636,1,13.0,56.0,1,13.0,True,False,False,False,False,False,False,False,False,False,True,False,False,True
637,0,7.925,96.0,1,7.925,False,True,False,False,False,False,False,False,False,False,True,False,False,True
638,0,26.25,62.0,3,8.75,False,True,False,False,False,False,False,False,False,False,True,False,False,True
639,0,39.6875,123.0,6,6.614583333333333,True,False,False,False,False,False,False,False,False,False,True,False,False,True
640,0,16.1,89.09735294117647,2,8.05,False,True,False,False,False,False,False,False,False,False,True,False,False,True
641,0,7.8542,60.0,1,7.8542,False,True,False,False,False,False,False,False,False,False,True,False,False,True
642,1,69.3,24.0,1,69.3,True,False,False,True,False,False,False,False,False,False,False,True,False,False
643,0,27.9,6.0,6,4.6499999999999995,True,False,False,False,False,False,False,False,False,False,True,False,False,True
644,1,56.4958,89.09735294117647,1,56.4958,False,True,False,False,False,False,False,False,False,False,True,False,False,True
645,1,19.2583,2.25,4,4.814575,True,False,False,False,False,False,False,False,False,False,True,True,False,False
646,1,76.7292,48.0,2,38.3646,False,True,False,False,False,True,False,False,False,False,False,True,False,False
647,0,7.8958,57.0,1,7.8958,False,True,False,False,False,False,False,False,False,False,True,False,False,True
648,1,35.5,56.0,1,35.5,False,True,True,False,False,False,False,False,False,False,False,True,False,False
649,0,7.55,89.09735294117647,1,7.55,False,True,False,False,False,False,False,False,False,False,True,False,False,True
650,1,7.55,69.0,1,7.55,True,False,False,False,False,False,False,False,False,False,True,False,False,True
651,0,7.8958,89.09735294117647,1,7.8958,False,True,False,False,False,False,False,False,False,False,True,False,False,True
652,1,23.0,36.0,2,11.5,True,False,False,False,False,False,False,False,False,False,True,False,False,True
653,0,8.4333,63.0,1,8.4333,False,True,False,False,False,False,False,False,False,False,True,False,False,True
654,1,7.8292,89.09735294117647,1,7.8292,True,False,False,False,False,False,False,False,False,False,True,False,True,False
655,0,6.75,54.0,1,6.75,True,False,False,False,False,False,False,False,False,False,True,False,True,False
656,0,73.5,48.0,3,24.5,False,True,False,False,False,False,False,False,False,False,True,False,False,True
657,0,7.8958,89.09735294117647,1,7.8958,False,True,False,False,False,False,False,False,False,False,True,False,False,True
658,0,15.5,96.0,3,5.166666666666667,True,False,False,False,False,False,False,False,False,False,True,False,True,False
659,0,13.0,46.0,1,13.0,False,True,False,False,False,False,False,False,False,False,True,False,False,True
660,0,113.275,58.0,3,37.75833333333333,False,True,False,False,False,True,False,False,False,False,False,True,False,False
661,1,133.65,50.0,3,44.550000000000004,False,True,False,False,False,False,False,False,False,False,True,False,False,True
662,0,7.225,120.0,1,7.225,False,True,False,False,False,False,False,False,False,False,True,True,False,False
663,0,25.5875,47.0,1,25.5875,False,True,False,False,False,False,True,False,False,False,False,False,False,True
664,0,7.4958,108.0,1,7.4958,False,True,False,False,False,False,False,False,False,False,True,False,False,True
665,1,7.925,60.0,2,3.9625,False,True,False,False,False,False,False,False,False,False,True,False,False,True
666,0,73.5,64.0,3,24.5,False,True,False,False,False,False,False,False,False,False,True,False,False,True
667,0,13.0,50.0,1,13.0,False,True,False,False,False,False,False,False,False,False,True,False,False,True
668,0,7.775,89.09735294117647,1,7.775,False,True,False,False,False,False,False,False,False,False,True,False,False,True
669,0,8.05,129.0,1,8.05,False,True,False,False,False,False,False,False,False,False,True,False,False,True
670,1,52.0,29.69911764705882,2,26.0,True,False,False,False,True,False,False,False,False,False,False,False,False,True
671,1,39.0,80.0,3,13.0,True,False,False,False,False,False,False,False,False,False,True,False,False,True
672,0,52.0,31.0,2,26.0,False,True,False,True,False,False,False,False,False,False,False,False,False,True
673,0,10.5,140.0,1,10.5,False,True,False,False,False,False,False,False,False,False,True,False,False,True
674,1,13.0,62.0,1,13.0,False,True,False,False,False,False,False,False,False,False,True,False,False,True
675,0,0.0,59.39823529411764,1,0.0,False,True,False,False,False,False,False,False,False,False,True,False,False,True
676,0,7.775,54.0,1,7.775,False,True,False,False,False,False,False,False,False,False,True,False,False,True
677,0,8.05,73.5,1,8.05,False,True,False,False,False,False,False,False,False,False,True,False,False,True
678,1,9.8417,54.0,1,9.8417,True,False,False,False,False,False,False,False,False,False,True,False,False,True
679,0,46.9,129.0,8,5.8625,True,False,False,False,False,False,False,False,False,False,True,False,False,True
680,1,512.3292,36.0,2,256.1646,False,True,False,True,False,False,False,False,False,False,False,True,False,False
681,0,8.1375,89.09735294117647,1,8.1375,True,False,False,False,False,False,False,False,False,False,True,False,True,False
682,1,76.7292,27.0,1,76.7292,False,True,False,False,False,True,False,False,False,False,False,True,False,False
683,0,9.225,60.0,1,9.225,False,True,False,False,False,False,False,False,False,False,True,False,False,True
684,0,46.9,42.0,8,5.8625,False,True,False,False,False,False,False,False,False,False,True,False,False,True
685,0,39.0,120.0,3,13.0,False,True,False,False,False,False,False,False,False,False,True,False,False,True
686,0,41.5792,50.0,4,10.3948,False,True,False,False,False,False,False,False,False,False,True,True,False,False
687,0,39.6875,42.0,6,6.614583333333333,False,True,False,False,False,False,False,False,False,False,True,False,False,True
688,0,10.1708,57.0,1,10.1708,False,True,False,False,False,False,False,False,False,False,True,False,False,True
689,0,7.7958,54.0,1,7.7958,False,True,False,False,False,False,False,False,False,False,True,False,False,True
690,1,211.3375,15.0,2,105.66875,True,False,False,True,False,False,False,False,False,False,False,False,False,True
691,1,57.0,31.0,2,28.5,False,True,False,True,False,False,False,False,False,False,False,False,False,True
692,1,13.4167,12.0,2,6.70835,True,False,False,False,False,False,False,False,False,False,True,True,False,False
693,1,56.4958,89.09735294117647,1,56.4958,False,True,False,False,False,False,False,False,False,False,True,False,False,True
694,0,7.225,75.0,1,7.225,False,True,False,False,False,False,False,False,False,False,True,True,False,False
695,0,26.55,60.0,1,26.55,False,True,False,False,False,False,False,False,False,False,True,False,False,True
696,0,13.5,104.0,1,13.5,False,True,False,False,False,False,False,False,False,False,True,False,False,True
697,0,8.05,132.0,1,8.05,False,True,False,False,False,False,False,False,False,False,True,False,False,True
698,1,7.7333,89.09735294117647,1,7.7333,True,False,False,False,False,False,False,False,False,False,True,False,True,False
699,0,110.8833,49.0,3,36.9611,False,True,False,False,True,False,False,False,False,False,False,True,False,False
700,0,7.65,126.0,1,7.65,False,True,False,False,False,False,False,False,True,False,False,False,False,True
701,1,227.525,18.0,2,113.7625,True,False,False,False,True,False,False,False,False,False,False,True,False,False
702,1,26.2875,35.0,1,26.2875,False,True,False,False,False,False,True,False,False,False,False,False,False,True
703,0,14.4542,54.0,2,7.2271,True,False,False,False,False,False,False,False,False,False,True,True,False,False
704,0,7.7417,75.0,1,7.7417,False,True,False,False,False,False,False,False,False,False,True,False,True,False
705,0,7.8542,78.0,2,3.9271,False,True,False,False,False,False,False,False,False,False,True,False,False,True
706,0,26.0,78.0,1,26.0,False,True,False,False,False,False,False,False,False,False,True,False,False,True
707,1,13.5,90.0,1,13.5,True,False,False,False,False,False,False,False,False,False,True,False,False,True
708,1,26.2875,42.0,1,26.2875,False,True,False,False,False,False,True,False,False,False,False,False,False,True
709,1,151.55,22.0,1,151.55,True,False,False,False,False,False,False,False,False,False,True,False,False,True
710,1,15.2458,89.09735294117647,3,5.081933333333333,False,True,False,False,False,False,False,False,False,False,True,True,False,False
711,1,49.5042,24.0,1,49.5042,True,False,False,False,True,False,False,False,False,False,False,True,False,False
712,0,26.55,29.69911764705882,1,26.55,False,True,False,False,True,False,False,False,False,False,False,False,False,True
713,1,52.0,48.0,2,26.0,False,True,False,False,True,False,False,False,False,False,False,False,False,True
714,0,9.4833,87.0,1,9.4833,False,True,False,False,False,False,False,False,False,False,True,False,False,True
715,0,13.0,104.0,1,13.0,False,True,False,False,False,False,False,False,False,False,True,False,False,True
716,0,7.65,57.0,1,7.65,False,True,False,False,False,False,False,False,True,False,False,False,False,True
717,1,227.525,38.0,1,227.525,True,False,False,False,True,False,False,False,False,False,False,True,False,False
718,1,10.5,54.0,1,10.5,True,False,False,False,False,False,True,False,False,False,False,False,False,True
719,0,15.5,89.09735294117647,1,15.5,False,True,False,False,False,False,False,False,False,False,True,False,True,False
720,0,7.775,99.0,1,7.775,False,True,False,False,False,False,False,False,False,False,True,False,False,True
721,1,33.0,12.0,2,16.5,True,False,False,False,False,False,False,False,False,False,True,False,False,True
722,0,7.0542,51.0,2,3.5271,False,True,False,False,False,False,False,False,False,False,True,False,False,True
723,0,13.0,68.0,1,13.0,False,True,False,False,False,False,False,False,False,False,True,False,False,True
724,0,13.0,100.0,1,13.0,False,True,False,False,False,False,False,False,False,False,True,False,False,True
725,1,53.1,27.0,2,26.55,False,True,False,False,False,False,True,False,False,False,False,False,False,True
726,0,8.6625,60.0,1,8.6625,False,True,False,False,False,False,False,False,False,False,True,False,False,True
727,1,21.0,60.0,4,5.25,True,False,False,False,False,False,False,False,False,False,True,False,False,True
728,1,7.7375,89.09735294117647,1,7.7375,True,False,False,False,False,False,False,False,False,False,True,False,True,False
729,0,26.0,50.0,2,13.0,False,True,False,False,False,False,False,False,False,False,True,False,False,True
730,0,7.925,75.0,2,3.9625,True,False,False,False,False,False,False,False,False,False,True,False,False,True
731,1,211.3375,29.0,1,211.3375,True,False,False,True,False,False,False,False,False,False,False,False,False,True
732,0,18.7875,33.0,1,18.7875,False,True,False,False,False,False,False,False,False,False,True,True,False,False
733,0,0.0,59.39823529411764,1,0.0,False,True,False,False,False,False,False,False,False,False,True,False,False,True
734,0,13.0,46.0,1,13.0,False,True,False,False,False,False,False,False,False,False,True,False,False,True
735,0,13.0,46.0,1,13.0,False,True,False,False,False,False,False,False,False,False,True,False,False,True
736,0,16.1,85.5,1,16.1,False,True,False,False,False,False,False,False,False,False,True,False,False,True
737,0,34.375,144.0,5,6.875,True,False,False,False,False,False,False,False,False,False,True,False,False,True
738,1,512.3292,35.0,1,512.3292,False,True,False,True,False,False,False,False,False,False,False,True,False,False
739,0,7.8958,89.09735294117647,1,7.8958,False,True,False,False,False,False,False,False,False,False,True,False,False,True
740,0,7.8958,89.09735294117647,1,7.8958,False,True,False,False,False,False,False,False,False,False,True,False,False,True
741,1,30.0,29.69911764705882,1,30.0,False,True,False,False,False,True,False,False,False,False,False,False,False,True
742,0,78.85,36.0,2,39.425,False,True,False,False,True,False,False,False,False,False,False,False,False,True
743,1,262.375,21.0,5,52.475,True,False,False,True,False,False,False,False,False,False,False,True,False,False
744,0,16.1,72.0,2,8.05,False,True,False,False,False,False,False,False,False,False,True,False,False,True
745,1,7.925,93.0,1,7.925,False,True,False,False,False,False,False,False,False,False,True,False,False,True
746,0,71.0,70.0,3,23.666666666666668,False,True,False,True,False,False,False,False,False,False,False,False,False,True
747,0,20.25,48.0,3,6.75,False,True,False,False,False,False,False,False,False,False,True,False,False,True
748,1,13.0,60.0,1,13.0,True,False,False,False,False,False,False,False,False,False,True,False,False,True
749,0,53.1,19.0,2,26.55,False,True,False,False,False,True,False,False,False,False,False,False,False,True
750,0,7.75,93.0,1,7.75,False,True,False,False,False,False,False,False,False,False,True,False,True,False
751,1,23.0,8.0,3,7.666666666666667,True,False,False,False,False,False,False,False,False,False,True,False,False,True
752,1,12.475,18.0,2,6.2375,False,True,False,False,False,False,True,False,False,False,False,False,False,True
753,0,9.5,99.0,1,9.5,False,True,False,False,False,False,False,False,False,False,True,False,False,True
754,0,7.8958,69.0,1,7.8958,False,True,False,False,False,False,False,False,False,False,True,False,False,True
755,1,65.0,96.0,4,16.25,True,False,False,False,False,False,False,False,False,False,True,False,False,True
756,1,14.5,1.34,3,4.833333333333333,False,True,False,False,False,False,False,False,False,False,True,False,False,True
757,0,7.7958,84.0,1,7.7958,False,True,False,False,False,False,False,False,False,False,True,False,False,True
758,0,11.5,36.0,1,11.5,False,True,False,False,False,False,False,False,False,False,True,False,False,True
759,0,8.05,102.0,1,8.05,False,True,False,False,False,False,False,False,False,False,True,False,False,True
760,1,86.5,33.0,1,86.5,True,False,False,True,False,False,False,False,False,False,False,False,False,True
761,0,14.5,89.09735294117647,1,14.5,False,True,False,False,False,False,False,False,False,False,True,False,False,True
762,0,7.125,123.0,1,7.125,False,True,False,False,False,False,False,False,False,False,True,False,False,True
763,1,7.2292,60.0,1,7.2292,False,True,False,False,False,False,False,False,False,False,True,True,False,False
764,1,120.0,36.0,4,30.0,True,False,False,True,False,False,False,False,False,False,False,False,False,True
765,0,7.775,48.0,1,7.775,False,True,False,False,False,False,False,False,False,False,True,False,False,True
766,1,77.9583,51.0,2,38.97915,True,False,False,False,False,True,False,False,False,False,False,False,False,True
767,0,39.6,29.69911764705882,1,39.6,False,True,False,False,False,False,False,False,False,False,True,True,False,False
768,0,7.75,91.5,1,7.75,True,False,False,False,False,False,False,False,False,False,True,False,True,False
769,0,24.15,89.09735294117647,2,12.075,False,True,False,False,False,False,False,False,False,False,True,False,True,False
770,0,8.3625,96.0,1,8.3625,False,True,False,False,False,False,False,False,False,False,True,False,False,True
771,0,9.5,72.0,1,9.5,False,True,False,False,False,False,False,False,False,False,True,False,False,True
772,0,7.8542,144.0,1,7.8542,False,True,False,False,False,False,False,False,False,False,True,False,False,True
773,0,10.5,114.0,1,10.5,True,False,False,False,False,False,True,False,False,False,False,False,False,True
774,0,7.225,89.09735294117647,1,7.225,False,True,False,False,False,False,False,False,False,False,True,True,False,False
775,1,23.0,108.0,5,4.6,True,False,False,False,False,False,False,False,False,False,True,False,False,True
776,0,7.75,54.0,1,7.75,False,True,False,False,False,False,False,False,False,False,True,False,False,True
777,0,7.75,89.09735294117647,1,7.75,False,True,False,False,False,False,False,True,False,False,False,False,True,False
778,1,12.475,15.0,1,12.475,True,False,False,False,False,False,False,False,False,False,True,False,False,True
779,0,7.7375,89.09735294117647,1,7.7375,False,True,False,False,False,False,False,False,False,False,True,False,True,False
780,1,211.3375,43.0,2,105.66875,True,False,False,True,False,False,False,False,False,False,False,False,False,True
781,1,7.2292,39.0,1,7.2292,True,False,False,False,False,False,False,False,False,False,True,True,False,False
782,1,57.0,17.0,2,28.5,True,False,False,True,False,False,False,False,False,False,False,False,False,True
783,0,30.0,29.0,1,30.0,False,True,False,False,False,True,False,False,False,False,False,False,False,True
784,0,23.45,89.09735294117647,4,5.8625,False,True,False,False,False,False,False,False,False,False,True,False,False,True
785,0,7.05,75.0,1,7.05,False,True,False,False,False,False,False,False,False,False,True,False,False,True
786,0,7.25,75.0,1,7.25,False,True,False,False,False,False,False,False,False,False,True,False,False,True
787,1,7.4958,54.0,1,7.4958,True,False,False,False,False,False,False,False,False,False,True,False,False,True
788,0,29.125,24.0,6,4.854166666666667,False,True,False,False,False,False,False,False,False,False,True,False,True,False
789,1,20.575,3.0,4,5.14375,False,True,False,False,False,False,False,False,False,False,True,False,False,True
790,0,79.2,46.0,1,79.2,False,True,False,True,False,False,False,False,False,False,False,True,False,False
791,0,7.75,89.09735294117647,1,7.75,False,True,False,False,False,False,False,False,False,False,True,False,True,False
792,0,26.0,32.0,1,26.0,False,True,False,False,False,False,False,False,False,False,True,False,False,True
793,0,69.55,89.09735294117647,11,6.322727272727272,True,False,False,False,False,False,False,False,False,False,True,False,False,True
794,0,30.6958,29.69911764705882,1,30.6958,False,True,False,False,False,False,False,False,False,False,True,True,False,False
795,0,7.8958,75.0,1,7.8958,False,True,False,False,False,False,False,False,False,False,True,False,False,True
796,0,13.0,78.0,1,13.0,False,True,False,False,False,False,False,False,False,False,True,False,False,True
797,1,25.9292,49.0,1,25.9292,True,False,False,False,False,True,False,False,False,False,False,False,False,True
798,1,8.6833,93.0,1,8.6833,True,False,False,False,False,False,False,False,False,False,True,False,False,True
799,0,7.2292,90.0,1,7.2292,False,True,False,False,False,False,False,False,False,False,True,True,False,False
800,0,24.15,90.0,3,8.049999999999999,True,False,False,False,False,False,False,False,False,False,True,False,False,True
801,0,13.0,68.0,1,13.0,False,True,False,False,False,False,False,False,False,False,True,False,False,True
802,1,26.25,62.0,3,8.75,True,False,False,False,False,False,False,False,False,False,True,False,False,True
803,1,120.0,11.0,4,30.0,False,True,False,True,False,False,False,False,False,False,False,False,False,True
804,1,8.5167,1.26,2,4.25835,False,True,False,False,False,False,False,False,False,False,True,True,False,False
805,1,6.975,81.0,1,6.975,False,True,False,False,False,False,False,False,False,False,True,False,False,True
806,0,7.775,93.0,1,7.775,False,True,False,False,False,False,False,False,False,False,True,False,False,True
807,0,0.0,39.0,1,0.0,False,True,True,False,False,False,False,False,False,False,False,False,False,True
808,0,7.775,54.0,1,7.775,True,False,False,False,False,False,False,False,False,False,True,False,False,True
809,0,13.0,78.0,1,13.0,False,True,False,False,False,False,False,False,False,False,True,False,False,True
810,1,53.1,33.0,2,26.55,True,False,False,False,False,False,True,False,False,False,False,False,False,True
811,0,7.8875,78.0,1,7.8875,False,True,False,False,False,False,False,False,False,False,True,False,False,True
812,0,24.15,117.0,1,24.15,False,True,False,False,False,False,False,False,False,False,True,False,False,True
813,0,10.5,70.0,1,10.5,False,True,False,False,False,False,False,False,False,False,True,False,False,True
814,0,31.275,18.0,7,4.4678571428571425,True,False,False,False,False,False,False,False,False,False,True,False,False,True
815,0,8.05,91.5,1,8.05,False,True,False,False,False,False,False,False,False,False,True,False,False,True
816,0,0.0,29.69911764705882,1,0.0,False,True,False,True,False,False,False,False,False,False,False,False,False,True
817,0,7.925,69.0,1,7.925,True,False,False,False,False,False,False,False,False,False,True,False,False,True
818,0,37.0042,62.0,3,12.334733333333332,False,True,False,False,False,False,False,False,False,False,True,True,False,False
819,0,6.45,129.0,1,6.45,False,True,False,False,False,False,False,False,False,False,True,False,False,True
820,0,27.9,30.0,6,4.6499999999999995,False,True,False,False,False,False,False,False,False,False,True,False,False,True
821,1,93.5,52.0,3,31.166666666666668,True,False,False,True,False,False,False,False,False,False,False,False,False,True
822,1,8.6625,81.0,1,8.6625,False,True,False,False,False,False,False,False,False,False,True,False,False,True
823,0,0.0,38.0,1,0.0,False,True,False,False,False,False,False,False,False,False,True,False,False,True
824,1,12.475,81.0,2,6.2375,True,False,False,False,False,False,True,False,False,False,False,False,False,True
825,0,39.6875,6.0,6,6.614583333333333,False,True,False,False,False,False,False,False,False,False,True,False,False,True
826,0,6.95,89.09735294117647,1,6.95,False,True,False,False,False,False,False,False,False,False,True,False,True,False
827,0,56.4958,89.09735294117647,1,56.4958,False,True,False,False,False,False,False,False,False,False,True,False,False,True
828,1,37.0042,2.0,3,12.334733333333332,False,True,False,False,False,False,False,False,False,False,True,True,False,False
829,1,7.75,89.09735294117647,1,7.75,False,True,False,False,False,False,False,False,False,False,True,False,True,False
830,1,80.0,62.0,1,80.0,True,False,False,True,False,False,False,False,False,False,False,False,False,True
831,1,14.4542,45.0,2,7.2271,True,False,False,False,False,False,False,False,False,False,True,True,False,False
832,1,18.75,1.66,3,6.25,False,True,False,False,False,False,False,False,False,False,True,False,False,True
833,0,7.2292,89.09735294117647,1,7.2292,False,True,False,False,False,False,False,False,False,False,True,True,False,False
834,0,7.8542,69.0,1,7.8542,False,True,False,False,False,False,False,False,False,False,True,False,False,True
835,0,8.3,54.0,1,8.3,False,True,False,False,False,False,False,False,False,False,True,False,False,True
836,1,83.1583,39.0,3,27.71943333333333,True,False,False,False,False,False,True,False,False,False,False,True,False,False
837,0,8.6625,63.0,1,8.6625,False,True,False,False,False,False,False,False,False,False,True,False,False,True
838,0,8.05,89.09735294117647,1,8.05,False,True,False,False,False,False,False,False,False,False,True,False,False,True
839,1,56.4958,96.0,1,56.4958,False,True,False,False,False,False,False,False,False,False,True,False,False,True
840,1,29.7,29.69911764705882,1,29.7,False,True,False,False,True,False,False,False,False,False,False,True,False,False
841,0,7.925,60.0,1,7.925,False,True,False,False,False,False,False,False,False,False,True,False,False,True
842,0,10.5,32.0,1,10.5,False,True,False,False,False,False,False,False,False,False,True,False,False,True
843,1,31.0,30.0,1,31.0,True,False,False,False,False,False,False,False,False,False,True,True,False,False
844,0,6.4375,103.5,1,6.4375,False,True,False,False,False,False,False,False,False,False,True,True,False,False
845,0,8.6625,51.0,1,8.6625,False,True,False,False,False,False,False,False,False,False,True,False,False,True
846,0,7.55,126.0,1,7.55,False,True,False,False,False,False,False,False,False,False,True,False,False,True
847,0,69.55,89.09735294117647,11,6.322727272727272,False,True,False,False,False,False,False,False,False,False,True,False,False,True
848,0,7.8958,105.0,1,7.8958,False,True,False,False,False,False,False,False,False,False,True,True,False,False
849,0,33.0,56.0,2,16.5,False,True,False,False,False,False,False,False,False,False,True,False,False,True
850,1,89.1042,29.69911764705882,2,44.5521,True,False,False,False,True,False,False,False,False,False,False,True,False,False
851,0,31.275,12.0,7,4.4678571428571425,False,True,False,False,False,False,False,False,False,False,True,False,False,True
852,0,7.775,222.0,1,7.775,False,True,False,False,False,False,False,False,False,False,True,False,False,True
853,0,15.2458,27.0,3,5.081933333333333,True,False,False,False,False,False,False,False,False,False,True,True,False,False
854,1,39.4,16.0,2,19.7,True,False,False,False,False,True,False,False,False,False,False,False,False,True
855,0,26.0,88.0,2,13.0,True,False,False,False,False,False,False,False,False,False,True,False,False,True
856,1,9.35,54.0,2,4.675,True,False,False,False,False,False,False,False,False,False,True,False,False,True
857,1,164.8667,45.0,3,54.95556666666667,True,False,False,False,False,False,False,False,False,False,True,False,False,True
858,1,26.55,51.0,1,26.55,False,True,False,False,False,False,True,False,False,False,False,False,False,True
859,1,19.2583,72.0,4,4.814575,True,False,False,False,False,False,False,False,False,False,True,True,False,False
860,0,7.2292,89.09735294117647,1,7.2292,False,True,False,False,False,False,False,False,False,False,True,True,False,False
861,0,14.1083,123.0,3,4.702766666666666,False,True,False,False,False,False,False,False,False,False,True,False,False,True
862,0,11.5,42.0,2,5.75,False,True,False,False,False,False,False,False,False,False,True,False,False,True
863,1,25.9292,48.0,1,25.9292,True,False,False,False,False,True,False,False,False,False,False,False,False,True
864,0,69.55,89.09735294117647,11,6.322727272727272,True,False,False,False,False,False,False,False,False,False,True,False,False,True
865,0,13.0,48.0,1,13.0,False,True,False,False,False,False,False,False,False,False,True,False,False,True
866,1,13.0,84.0,1,13.0,True,False,False,False,False,False,False,False,False,False,True,False,False,True
867,1,13.8583,54.0,2,6.92915,True,False,False,False,False,False,False,False,False,False,True,True,False,False
868,0,50.4958,31.0,1,50.4958,False,True,True,False,False,False,False,False,False,False,False,False,False,True
869,0,9.5,89.09735294117647,1,9.5,False,True,False,False,False,False,False,False,False,False,True,False,False,True
870,1,11.1333,12.0,3,3.7111,False,True,False,False,False,False,False,False,False,False,True,False,False,True
871,0,7.8958,78.0,1,7.8958,False,True,False,False,False,False,False,False,False,False,True,False,False,True
872,1,52.5542,47.0,3,17.518066666666666,True,False,False,False,False,True,False,False,False,False,False,False,False,True
873,0,5.0,33.0,1,5.0,False,True,False,True,False,False,False,False,False,False,False,False,False,True
874,0,9.0,141.0,1,9.0,False,True,False,False,False,False,False,False,False,False,True,False,False,True
875,1,24.0,56.0,2,12.0,True,False,False,False,False,False,False,False,False,False,True,True,False,False
876,1,7.225,45.0,1,7.225,True,False,False,False,False,False,False,False,False,False,True,True,False,False
877,0,9.8458,60.0,1,9.8458,False,True,False,False,False,False,False,False,False,False,True,False,False,True
878,0,7.8958,57.0,1,7.8958,False,True,False,False,False,False,False,False,False,False,True,False,False,True
879,0,7.8958,89.09735294117647,1,7.8958,False,True,False,False,False,False,False,False,False,False,True,False,False,True
880,1,83.1583,56.0,2,41.57915,True,False,False,False,True,False,False,False,False,False,False,True,False,False
881,1,26.0,50.0,2,13.0,True,False,False,False,False,False,False,False,False,False,True,False,False,True
882,0,7.8958,99.0,1,7.8958,False,True,False,False,False,False,False,False,False,False,True,False,False,True
883,0,10.5167,66.0,1,10.5167,True,False,False,False,False,False,False,False,False,False,True,False,False,True
884,0,10.5,56.0,1,10.5,False,True,False,False,False,False,False,False,False,False,True,False,False,True
885,0,7.05,75.0,1,7.05,False,True,False,False,False,False,False,False,False,False,True,False,False,True
886,0,29.125,117.0,6,4.854166666666667,True,False,False,False,False,False,False,False,False,False,True,False,True,False
887,0,13.0,54.0,1,13.0,False,True,False,False,False,False,False,False,False,False,True,False,False,True
888,1,30.0,19.0,1,30.0,True,False,False,True,False,False,False,False,False,False,False,False,False,True
889,0,23.45,89.09735294117647,4,5.8625,True,False,False,False,False,False,False,False,False,False,True,False,False,True
890,1,30.0,26.0,1,30.0,False,True,False,False,True,False,False,False,False,False,False,True,False,False
891,0,7.75,96.0,1,7.75,False,True,False,False,False,False,False,False,False,False,True,False,True,False
